\t\t上下文: %Ix\n	\t\tContext: %Ix\n	force
\t\t函数: %s\n	\t\tFunction: %s\n	force
\t\t对象:\n	\t\tObject:\n	force
\t\t已启用: %s\n	\t\tEnabled: %s\n	force
\t位于 %Ix 的命令行: %s\n	\tCommand line at %Ix: %s\n	force
\t位于 %Ix 的工作队列项\n	\tWork queue item at %Ix\n	force
\t位于 %Ix 的提供程序注册\n	\tProvider registration at %Ix\n	force
\t位于 %Ix 的文件名: %s\n	\tFile name at %Ix: %s\n	force
\t位于 %Ix 的记录\n	\tRecord at %Ix\n	force
\t位于 %Ix 的记录: %s (%lu) (引用数: %ld)\n	\tRecord at %Ix: %s (%lu) (refs: %ld)\n	force
\t参数: %Ix\n	\tParameter: %Ix\n	force
\t当前自动池: %Ix\n	\tCurrent auto-pool: %Ix\n	force
\t查询句柄: %Ix\n	\tQuery handle %Ix\n	force
\t标志: %u\n	\tFlags: %u\n	force
\t线程 ID: %lu	\tTID: %lu	force
\t计数: %u	\tCount: %u	force
\t起始地址: %s\n	\tStart Address: %s\n	force
\n\n在智能体选项页撤销授权，或断开智能体连接，即可撤销此设置。	\n\nRevoke grants on the Agents options page, or disconnecting the agent, undoes it.	force
\nPID：%lu	\nPID: %lu	force
\n代理程序：%s（已验证）	\nBroker: %s (verified)	force
\n启动器：%s（自行报告）	\nLauncher: %s (self-reported)	force
\n启动类型：%s	\nStart type: %s	force
\n唯一字符串总数: %u\n	\nTotal unique strings: %u\n	force
\n存储桶:\n	\nBuckets:\n	force
\n实例：	\nInstance: 	force
\n客户端：	\nClient: 	force
\n客户端：控制台	\nClient: a console	force
\n客户端：未验证	\nClient: not verified	force
\n对象：	\nObject: 	force
\n序列：%I64u	\nSequence: %I64u	force
\n总计: 	\nTotal: 	force
\n映像：	\nImage: 	force
\n泄漏数量: %lu (已显示 %lu 个)\n	\nNumber of leaks: %lu (%lu displayed)\n	force
\n状态：%s	\nState: %s	force
\n用户：	\nUser: 	force
\n用户：%s	\nUser: %s	force
\n确定要继续吗？	\nAre you sure you want to continue?	force
\n签名者：%s（受信任）	\nSigner: %s (trusted)	force
\n签名者：不受信任	\nSigner: not trusted	force
\n签名者：受信任 (	\nSigner: Trusted (	force
\n签名者：未验证	\nSigner: not verified	force
\n类：	\nClass: 	force
\n限制: 	\nLimit: 	force
\n预期查找未命中次数: %lu\n	\nExpected lookup misses: %lu\n	force
\r\n事件大小：%lu 字节\r\n\r\n	\r\nEvent size: %lu bytes\r\n\r\n	force
\r\n原始事件数据：\r\n	\r\nRaw event data:\r\n	force
    %s：%s\n	    %s: %s\n	force
    - 主映像已被篡改\r\n	    - tampered primary image\r\n	force
    - 主映像未经验证\r\n	    - unverified primary image\r\n	force
    - 保护未激活\r\n	    - inactive protections\r\n	force
    - 存在未签名映像（可能是未签名的插件）\r\n	    - unsigned images (likely an unsigned plugin)\r\n	force
    - 无创建通知\r\n	    - no create notification\r\n	force
    - 未以安全方式创建\r\n	    - not securely created\r\n	force
    - 进程正在被调试\r\n	    - process is being debugged\r\n	force
    包名称：%s\n	    Package name: %s\n	force
    已签名。\n	    Signed.\n	force
    映像一致性低：%.2f%%\n	    Low image coherency: %.2f%%\n	force
    映像可能已加壳（%lu %ls，共 %lu %ls）。\n	    Image is probably packed (%lu %ls over %lu %ls).\n	force
    签名无效。\n	    Signature invalid.\n	force
    签名者：%s\n	    Signer: %s\n	force
    进程为受限提升。\n	    Process is limited elevated.\n	force
    进程为完全提升。\n	    Process is full elevated.\n	force
    进程为默认提升。\n	    Process is default elevated.\n	force
    进程位于作业中。\n	    Process is in a job.\n	force
    进程处于深度冻结（挂起）状态。\n	    Process is in deep freeze (suspended).\n	force
    进程处于电源节流（效率）状态。\n	    Process is power throttling (efficiency).\n	force
    进程已启用 UIAccess。\n	    Process is UIAccess.\n	force
    进程已挂起。\n	    Process is suspended.\n	force
    进程已提升。\n	    Process is elevated.\n	force
    进程是 32 位（WOW64）。\n	    Process is 32-bit (WOW64).\n	force
    进程是受保护的进程（PP/PPL）。\n	    Process is a protected process (PP/PPL).\n	force
    进程是后台进程。\n	    Process is a background process.\n	force
    进程是子系统进程。\n	    Process is a subsystem process.\n	force
    进程是安全虚拟化进程（HVCI）。\n	    Process is a secure virtualization process (HVCI).\n	force
    进程是安全隔离进程（IUM）。\n	    Process is a secure isolated process (IUM).\n	force
    进程是快照进程。\n	    Process is a snapshot process.\n	force
    进程是打包进程。\n	    Process is a packaged process.\n	force
    进程是托管进程（.NET）。\n	    Process is managed (.NET).\n	force
    进程是新式 UI 应用。\n	    Process is a Modern UI app.\n	force
    进程是系统进程（TCB）。\n	    Process is a system process (TCB).\n	force
    进程是跨会话进程。\n	    Process is a cross session process.\n	force
    进程正在被调试。\n	    Process is being debugged.\n	force
 %s 前 (%s)	%s ago (%s)	force
 (32 位)	 (32-bit)	force
 (64 位)	 (64-bit)	force
 (MFT 记录: 	 (MFT record: 	force
 (不可用)	 (unavailable)	force
 (不正确)	 (incorrect)	force
 (内联函数)	 (Inline function)	force
 (受限)	 (restricted)	force
 (受限功能)	 (RF)	force
 (审核)	 (Audit)	force
 (序列号: 	 (Sequence number: 	force
 (延迟)	 (delayed)	force
 (延迟, 触发器)	 (delayed, trigger)	force
 (无展开信息)	 (No unwind info)	force
 (永久)	 (permanent)	force
 (用户)	 (User)	force
 (管理员)	 (Administrator)	force
 (组)	 (Group)	force
 (触发器)	 (trigger)	force
 (计算机)	 (Computer)	force
 32 位	 32-bit	force
 D1 延迟	 D1 latency	force
 D2 延迟	 D2 latency	force
 D3 延迟	 D3 latency	force
 enclave 主模块	Enclave primary	force
 enclave 依赖	Enclave dependency	force
 enclave 模块	Enclave module	force
 一个或多个关键进程。	 one or more critical processes.	force
 一个或多个关键进程。此操作将立即关闭操作系统。	 one or more critical processes. This will shut down the operating system immediately.	force
 一个或多个系统进程。	 one or more system processes.	force
 上午	 AM	force
 下午	 PM	force
 个字符串	 strings	force
 位)	 bits)	force
 值	 Value	force
 共享同一物理核心）	)	force
 分支	 branch	force
 到 	 to 	force
 协议类型	 Protocol type	force
 句柄	 handle	force
 和 	 and 	force
 在	 in 	force
 在 	 in 	force
 字符串	 Strings	force
 字节)	 bytes)	force
 安装完成。	 complete.	force
 已安装	 installed	force
 延迟	 delay	force
 引用句柄	 Referenced handle	force
 总计	 total	force
 数据	 Data	force
 是否确定要继续？	 Are you sure you want to continue?	force
 毫秒	 ms	force
 毫秒\n	 ms\n	force
 毫秒...	 ms...	force
 的符号...	...	force
 秒后自动拒绝。	 seconds.	force
 类型	 Type	force
 调用	 call	force
 负载	 load	force
 页）	 pages)	force
\" activationType=\"foreground\"/><action content=\"取消\" arguments=\"dismiss\" activationType=\"system\"/></actions></toast>	\" activationType=\"foreground\"/><action content=\"Cancel\" arguments=\"dismiss\" activationType=\"system\"/></actions></toast>	force
\"%s\" 不是受支持的值之一（%s）。\r\n该值已被应用。	\"%s\" is not one of the supported values (%s).\r\nThe value was applied anyway.	force
%\n节点 	%\nNode 	force
% (节点 	% (Node 	force
%)\r\n速度: 	%)\r\nSpeed: 	force
%)\r\n速度：	%)\r\nSpeed: 	force
%.2f 秒	%.2f seconds	force
%hs 不支持按 \"%s\" 排序；可接受的值以其自身 sort_by 架构为准。	%hs does not sort by \"%s\"; the values it accepts are in its own sort_by schema.	force
%hs 必须是数字，不能是字符串或其他类型。	%hs must be a number, not a string or any other type.	force
%ls (始终不存在)	%ls (always absent)	force
%lu 字节	%lu bytes	force
%s\n\n这会将请求从本机发送到互联网上的服务。	%s\n\nThis sends the request off this machine to a service on the internet.	force
%s\r\n\r\n<A HREF=\"changelog.txt\">查看变更日志</A>	%s\r\n\r\n<A HREF=\"changelog.txt\">View changelog</A>	force
%s\r\n\r\n单击关闭退出安装程序。	%s\r\n\r\nSelect Close to exit setup.	force
%s %s 的记录:\n	Records for %s %s:\n	force
%s (%s) (确定性)	%s (%s) (deterministic)	force
%s (%s前)	%s (%s ago)	force
%s (%u 个进程)	%s (%u processes)	force
%s (%u) 句柄数：%u\r\n	%s (%u) Handles: %u\r\n	force
%s (0x%lx) (确定性)	%s (0x%lx) (deterministic)	force
%s (不正确, %s) (覆盖数据, %s - %s)	%s (incorrect, %s) (overlay, %s - %s)	force
%s (确定性)	%s (deterministic)	force
%s [序列 %I64u, %s]	%s [sequence %I64u, %s]	force
%s [附加信息：%s]	%s [Extra: %s]	force
%s 上次分析于 %s	%s was last analyzed %s	force
%s 不支持暂停和继续；get_service 会在 controls_accepted 下列出服务接受的控制，且大多数服务仅接受 stop。	%s does not accept pause and continue; get_service lists what a service accepts under controls_accepted, and most accept only stop.	force
%s 不是 SID。	%s is not a SID.	force
%s 不是本工具认识的 PE 映像节区。	%s is not a section of a PE image this tool knows about.	force
%s 个结果。	%s results.	force
%s 前 (%s)	%s ago (%s)	force
%s 前（%s）	%s ago (%s)	force
%s 失败: %s	%s failed: %s	force
%s 失败（CONFIGRET %lu）。%s	%s failed (CONFIGRET %lu).%s	force
%s 属性	%s Properties	force
%s 必须是 md5、sha1、sha256 或 sha512 之一。	%s is not one of md5, sha1, sha256 or sha512.	force
%s 扫描	The %s scan	force
%s 段%s (ID %lu)	%s Segment%s (ID %lu)	force
%s 的线程 %lu	thread %lu of %s	force
%s 的统计信息：\r\n\r\n	Statistics for %s: \r\n\r\n	force
%s 的连接 %s	connection %s of %s	force
%s前（%s）	%s ago (%s)	force
%s（%lu 个线程）	%s (%lu threads)	force
%s（%lu 个结果）	%s (%lu results)	force
%s（%s前）	%s (%s ago)	force
%u %s 又 %u %s	%u %s and %u %s	force
%u 个僵尸进程，%u 个已终止进程。	%u zombie process(es), %u terminated process(es).	force
%u 个尾声, %u 字节, %u 个分支 (%u 字节元素)	%u epilogues, %u bytes, %u branches (%u byte elems)	force
%u 个工具的授权	the authorization for %u tools	force
%u 分前	in %u m	force
%u 分后	%u m ago	force
%u 字节	%u bytes	force
%u 字节/行	%u bytes per row	force
%u 小时 %u 分前	in %u m %u s	force
%u 小时 %u 分后	%u m %u s ago	force
%u 小时前	in %u s	force
%u 小时后	%u s ago	force
%u 秒内未答复则每次询问。	No answer in %u seconds keeps asking each time.	force
%（内核：	% (K: 	force
%）	%)	force
%，用户：	%, U: 	force
&GDI句柄...	GDI handles...	force
&I/O 优先级	I/O priority	force
&I/O优先级	I/O priority	force
&中	Medium	force
&亲和性	Affinity	force
&令牌	Token	force
&以其他用户身份运行...	Run as...	force
&优先级	Priority	force
&低	Low	force
&低于标准	Below normal	force
&低于正常	Below normal	force
&保存...	Save...	force
&修改页面...	Modified pages...	force
&全部展开	Expand all	force
&全部折叠	Collapse all	force
&关键	Critical	force
&关闭	Close	force
&关闭\bDel	Close	force
&关闭ࣞl	Closeࣞl	force
&其他	Miscellaneous	force
&冻结	Freeze	force
&减少工作集	Reduce working set	force
&删除	Delete	force
&刷新堆栈	Flush heaps	force
&前置	Bring to front	force
&受保护	Protected	force
&在线搜索\bCtrl+M	Search online	force
&在线搜索\bCtrl+M	Search online	force
&堆栈...	Heaps...	force
&复制	Copy	force
&复制\bCtrl+C	Copy	force
&复制\bCtrl+C	Copy	force
&安全	Security	force
&完整...	Full...	force
&实时	Real time	force
&属性	Properties	force
&属性\bEnter	Properties	force
&属性nter	Propertiesnter	force
&恢复	Restore	force
&打开文件位置	Open file location	force
&打开文件位置\bCtrl+Enter	Open file location	force
&打开文件位置\bCtrl+Enter	Open file location	force
&执行要求	Execution required	force
&挂起	Suspend	force
&排序子进程	Sort child processes	force
&排序根进程	Sort root processes	force
&提升	Boost	force
&效率模式	Efficiency mode	force
&更改保护...	Change protection...	force
&最低	Lowest	force
&最大化	Maximize	force
&最小...	Minimal...	force
&最小化	Minimize	force
&最高	Highest	force
&极低	Very low	force
&标准	Normal	force
&检查	Inspect	force
&检查\bEnter	Inspect	force
&检查nter	Inspectnter	force
&正常	Normal	force
&正常...	Normal...	force
&活动监控	Activity moderation	force
&清空工作集...	Empty working set...	force
&滚动到新进程	Scroll to new processes	force
&相关性	Affinity	force
&空闲	Idle	force
&窗口	Window	force
&继承	Inherit	force
&自定义...	Custom...	force
&虚拟化	Virtualization	force
&解冻	Thaw	force
&解除提交	Decommit	force
&读/写内存...	Read/Write memory...	force
&读/写地址...	Read/Write address...	force
&调试器分离	Detach from debugger	force
&转到进程	Go to process	force
&释放	Free	force
&重置	Reset	force
&锁...	Locks...	force
&限制...	Limited...	force
&隐藏其他用户的进程	Hide processes from other users	force
&非常低	Very low	force
&页面优先级	Page priority	force
&高	High	force
&高于标准	Above normal	force
&高于正常	Above normal	force
(八位字节串)	(Octet string)	force
(八位字节串: 	(octet string: 	force
(共享节点 %lu)	(shared node %lu)	force
(嵌套过深)	(nesting too deep)	force
(已终止) 	(Terminated) 	force
(已重用)	(Repurposed)	force
(已验证) 	(Verified) 	force
(无)	(None)	force
(无决策图)	(no decision diagram)	force
(无效 SID)	(Invalid SID)	force
(无数据)	(no data)	force
(无目标)	(no target)	force
(无约束)	(unconstrained)	force
(未命名)	(unnamed)	force
(未命名对象)	(unnamed object)	force
(未命名的作业)	(unnamed job)	force
(未响应) 	(Not responding) 	force
(未知)	(Unknown)	force
(未知类型)	(unknown type)	force
(未验证) 	(UNVERIFIED) 	force
(格式错误的终结点)	(malformed terminal)	force
(正在验证...) 	(Verifying...) 	force
(空)	(empty)	force
(空标记)	(SymTagNull)	force
(默认)	(default)	force
) 内存	) Memory	force
) 已终止，状态码 0x	) was terminated with status 0x	force
) 已退出，退出状态为 	) exited with 	force
) 已退出，退出状态为 0x	) exited with 0x	force
) 模块	) Modules	force
) 线程	) Threads	force
)，位于 	) on 	force
)，由父进程 	) was created by 	force
, I/O 空间	, I/O space	force
, 内存映射	, memory-mapped	force
, 双 Bank	, double-bank	force
, 基址: 0x	, Base: 0x	force
, 数据: 	, Data: 	force
, 类型: 	, Type: 	force
- Process Hacker 已更名为 System Informer。\n- Process Hacker 不支持 Windows 10 或 11。\n- Process Hacker 不会再更新。\n- Process Hacker 不会被卸载。\n\n本次更新将立即安装 System Informer。\n\n请记得卸载 Process Hacker。感谢 <3	- Process Hacker was renamed System Informer.\n- Process Hacker does not support Windows 10 or 11.\n- Process Hacker will not be updated.\n- Process Hacker will not be uninstalled.\n\nThis update will now install System Informer.\n\nPlease remember to uninstall Process Hacker. Thanks <3	force
.NET CLR 互操作	.NET CLR Interop	force
.NET CLR 内存	.NET CLR Memory	force
.NET CLR 加载	.NET CLR Loading	force
.NET CLR 安全	.NET CLR Security	force
.NET CLR 异常	.NET CLR Exceptions	force
.NET CLR 远程处理	.NET CLR Remoting	force
.NET CLR 锁和线程	.NET CLR LocksAndThreads	force
.NET 工具	DotNetTools	force
.NET 性能	.NET performance	force
.NET 模块	.NET modules	force
.NET 程序集	.NET assemblies	force
.NET 进程和 DLL	.NET processes and DLLs	force
.NET（即托管）进程和 DLL。	.NET (i.e. managed) processes and DLLs.	force
/秒	/s	force
0 毫秒...	0 ms...	force
0x%I32x (不正确, 实际 0x%I32x)	0x%I32x (incorrect, real 0x%I32x)	force
0x%I32x (正在验证...)	0x%I32x (verifying...)	force
0x%Ix (解析中...)	0x%Ix (resolving...)	force
0x%s (失败)	0x%s (Failed)	force
0x0 (实际 0x%I32x)	0x0 (real 0x%I32x)	force
1 周	1 week	force
1 天	1 month	force
1 字节对齐, 	1 alignment, 	force
1 月	1 day	force
1024 字节对齐, 	1024 alignment, 	force
12 路	12-way	force
128 位	128 bit	force
128 位支持	128-bit capable	force
128 字节对齐, 	128 alignment, 	force
1394 启动	1394 boot	force
16 位	16 bit	force
16 字节对齐, 	Align 16, 	force
16 路	16-way	force
2 字节对齐, 	2 alignment, 	force
2 路	2-way	force
20 路	20-way	force
2048 字节对齐, 	2048 alignment, 	force
24 路	24-way	force
25 针双列	25-pin dual inline	force
256 字节对齐, 	256 alignment, 	force
3.5\" 2.88MB 软盘	3.5\" 2.88MB floppy	force
3.5\" 720KM 软盘	3.5\" 720KM floppy	force
32 位	32 bit	force
32 位内存错误	32-bit memory error	force
32 位进程	32-bit processes	force
32 字节对齐, 	32 alignment, 	force
32 路	32-way	force
4 字节对齐, 	4 alignment, 	force
4 路	4-way	force
4096 字节对齐, 	4096 alignment, 	force
48 路	48-way	force
5.25\" 1.5MB 软盘	5.25\" 1.5MB floppy	force
5.25\" 360KB 软盘	5.25\" 360KB floppy	force
50 针双列	50-pin dial inline	force
512 字节对齐, 	512 alignment, 	force
64 位	64 bit	force
64 位内存错误	64-bit memory error	force
64 位支持	64-bit capable	force
64 字节对齐, 	64 alignment, 	force
64 路	64-way	force
68 针双列	68-pin dual inline	force
8 位	8 bit	force
8 位奇偶校验	8-bit parity	force
8 字节对齐, 	8 alignment, 	force
8 路	8-way	force
8020 键盘	8020 keyboard	force
8192 字节对齐, 	8192 alignment, 	force
9 针双列	9-pin dual inline	force
: 是\r\n	: Yes\r\n	force
< 上一步(&B)	< Back	force
< 移除	< Remove	force
< 隐藏	< Hide	force
<%s--> 不能作为 <%s> 之后的第二个根节点（第 %d 行）。	<%s--> cannot be a second root node after <%s> on line %d.	force
<%s> 不能作为 <%s> 之后的第二个根节点（第 %d 行）。	<%s> cannot be a second root node after <%s> on line %d.	force
<%s?> 不能作为 <%s> 之后的第二个根节点（第 %d 行）。	<%s?> cannot be a second root node after <%s> on line %d.	force
<%s]]> 不能作为 <%s> 之后的第二个根节点（第 %d 行）。	<%s]]> cannot be a second root node after <%s> on line %d.	force
<1 毫秒	<1 ms	force
<a href=https://systeminformer.sourceforge.io>SourceForge.net 上的 System Informer</a>	<a href=https://systeminformer.sourceforge.io>System Informer on SourceForge.net</a>	force
<a>(已验证) %s</a>	<a>(Verified) %s</a>	force
<a>公司名称链接</a>	<a>Company Name Link</a>	force
<a>打开</a>	<a>Open</a>	force
<a>（已验证）%s</a>	<a>(Verified) %s</a>	force
<toast launch=\"\" duration=\"long\"><visual><binding template=\"ToastGeneric\"><text>System Informer - 有可用更新</text><text>版本 %s（下载 %s）</text></binding></visual><actions><action content=\"下载\" arguments=\"	<toast launch=\"\" duration=\"long\"><visual><binding template=\"ToastGeneric\"><text>System Informer - Update Available</text><text>Version %s (download %s)</text></binding></visual><actions><action content=\"Download\" arguments=\"	force
<toast launch=\"\" duration=\"long\"><visual><binding template=\"ToastGeneric\"><text>System Informer 更新失败</text><text>%s</text></binding></visual></toast>	<toast launch=\"\" duration=\"long\"><visual><binding template=\"ToastGeneric\"><text>System Informer update failed</text><text>%s</text></binding></visual></toast>	force
<toast launch=\"\" duration=\"long\"><visual><binding template=\"ToastGeneric\"><text>正在下载 System Informer %s</text><progress title=\"\" status=\"{progressStatus}\" value=\"{progressValue}\" valueStringOverride=\"{progressValueString}\"/></binding></visual><actions><action content=\"关闭\" arguments=\"dismiss\" activationType=\"system\"/></actions></toast>	<toast launch=\"\" duration=\"long\"><visual><binding template=\"ToastGeneric\"><text>Downloading System Informer %s</text><progress title=\"\" status=\"{progressStatus}\" value=\"{progressValue}\" valueStringOverride=\"{progressValueString}\"/></binding></visual><actions><action content=\"Close\" arguments=\"dismiss\" activationType=\"system\"/></actions></toast>	force
<toast launch=\"\" scenario=\"reminder\"><visual><binding template=\"ToastGeneric\"><text>System Informer %s</text><text>更新已成功下载并验证。</text></binding></visual><actions><action content=\"安装\" arguments=\"	<toast launch=\"\" scenario=\"reminder\"><visual><binding template=\"ToastGeneric\"><text>System Informer %s</text><text>Update successfully downloaded and verified.</text></binding></visual><actions><action content=\"Install\" arguments=\"	force
<节占位符>	<section placeholder>	force
AC 电源恢复	AC power restored	force
ACPI 启用值	ACPI enable value	force
ACPI 禁用值	ACPI disable value	force
ACPI 表	ACPI Tables	force
ACPI 表(&A)	ACPI Tables	force
AFD 信息类	AFD info classes	force
AFD 套接字:	AFD socket:	force
ALPC 端口	ALPC Port	force
ALPC 端口信息来自 System Informer 驱动程序，而该驱动程序对此实例不可用（访问级别：%s）。	ALPC port information comes from the System Informer driver, which is not available to this instance (access level: %s).	force
ALPC 端口：%.*s (%s)	ALPC Port: %.*s (%s)	force
AMD64 功能集 v1	AMD64 capability set v1	force
AMD64 功能集 v2	AMD64 capability set v2	force
AMD64 功能集 v3	AMD64 capability set v3	force
AMD64 功能集 v4	AMD64 capability set v4	force
ANSI 字符集, 	Ansi charset, 	force
API 密钥：	API key:	force
APIC 中断控制器	APIC Interrupt Controllers	force
APM 定时器	APM timer	force
ARM 指针认证	ARM pointer authentication	force
ARM64 功能集 v1	ARM64 capability set v1	force
ARM64 功能集 v2	ARM64 capability set v2	force
ARM64 功能集 v3	ARM64 capability set v3	force
ARM64 功能集 v4	ARM64 capability set v4	force
ASTA 到 ASTA 豁免代理	ASTA-to-ASTA exempt proxy	force
ASTA 到 ASTA 豁免存疑	ASTA-to-ASTA exempt in doubt	force
ASTA 到 ASTA 豁免怪癖	ASTA-to-ASTA exempt quirk	force
ATL thunk 模拟已禁用。\r\n	ATL thunk emulation is disabled.\r\n	force
ATL 模拟, 	ATL emulation, 	force
Agent 工具	AgentTools	force
AgentTools：连接 %u（%s，客户端 %s）%s 于 %s%s%s：%s	AgentTools: connection %u (%s, client %s) %s on %s%s%s: %s	force
AgentTools：连接 %u（%s，客户端 %s）%s：%s	AgentTools: connection %u (%s, client %s) %s: %s	force
Appdomain 卸载速率	Rate of Appdomains Unloaded	force
Appdomain 总数	Total Appdomains	force
Appdomain 速率	Rate of Appdomains	force
Apple 桌面总线	Apple desktop bus	force
Authenticode 哈希	Authenticode hashes	force
BIOS 名称	BIOS name	force
BIOS 启动	BIOS boot	force
Bank 定位符	Bank locator	force
Bank 连接	Bank connections	force
Blob 基址：0x%I64x\r\nBlob 长度：0x%I64x	Blob base: 0x%I64x\r\nBlob length: 0x%I64x	force
C2 延迟 (微秒)	C2 latency (microseconds)	force
C3 延迟 (微秒)	C3 latency (microseconds)	force
CCW 数	# of CCWs	force
CET 上下文验证 (宽松), 	CET context validation (Relaxed), 	force
CET 兼容 (严格), 	CET compatible (Strict), 	force
CET 兼容, 	CET compatible, 	force
CFG IatEntry 表	CFG IatEntry table	force
CFG IatEntry 表项数	CFG IatEntry table entry count	force
CFG LongJump 表	CFG LongJump table	force
CFG LongJump 表项数	CFG LongJump table entry count	force
CFG 位图	CFG bitmap	force
CFG 位图%s	CFG Bitmap%s	force
CFG 函数表	CFG function table	force
CFG 函数表计数	CFG function table count	force
CFG 分发优化	CFG dispatch optimization	force
CFG 导出抑制	CFG export suppression	force
CFG 检查优化	CFG check optimization	force
CFG 检查函数指针	CFG check-function pointer	force
CFG 调度函数指针	CFG dispatch-function pointer	force
CFG 防护标志	CFG guard flags	force
CFG 页	CFG pages	force
CFI 影子栈兼容, 	CFI shadow stack compatible, 	force
CGA 视频	CGA video	force
CI 标志	CI flags	force
CI 目录	CI catalog	force
CI 目录偏移	CI catalog offset	force
CLR 导入	CLR Imports	force
CLR 表	CLR Tables	force
CLR 表: %s	CLR Table: %s	force
CMD 变量	CMD variables	force
COFF 组	CoffGroup	force
COM 单元	COM apartment	force
COM 启动权限	COM Launch Permissions	force
COM 启动限制	COM Launch Restrictions	force
COM 标志	COM flags	force
COM 激活	COM Activation	force
COM 目标文件：\n	COM target file:\n	force
COM 目标：\n	COM target:\n	force
COM 访问权限	COM Access Permissions	force
COM 访问限制	COM Access Restrictions	force
CPU %lu：	CPU %lu:	force
CPU (内核)	CPU (kernel)	force
CPU (平均)	CPU (average)	force
CPU (用户)	CPU (user)	force
CPU (相对)	CPU (relative)	force
CPU 使用: 	CPU history: 	force
CPU 使用率	CPU usage	force
CPU 使用率 (文本)	CPU usage (text)	force
CPU 使用率：	CPU usage: 	force
CPU 内核	CPU kernel	force
CPU 历史记录	CPU history	force
CPU 名称	CPU name	force
CPU 封装	CPU package	force
CPU 时间线活动时长	CPU timeline active	force
CPU 核心	CPU cores	force
CPU 用户	CPU user	force
CPU 组件	CPU components	force
CPU 通过硬件强制实施的影子堆栈在运行时验证函数返回地址。\r\n	The CPU verifies function return addresses at runtime by employing a hardware-enforced shadow stack.\r\n	force
CSD 版本	CSD version	force
CSR 共享内存	CSR shared memory	force
CSR 句柄	CSR handles	force
CSR 句柄\r\n	CSR Handles\r\n	force
CSRSS 共享堆	CSRSS Shared Heap	force
CSRSS 端口堆	CSRSS Port Heap	force
CSV 文件 (*.csv)	Comma-separated values (*.csv)	force
CallerCheck 已启用。\r\n	CallerCheck is enabled.\r\n	force
Canary 版	Canary	force
Cast 防护, 	Cast guard, 	force
Cast 防护失败模式	Cast guard failure mode	force
D3DKMT调度优先级	D3DKMT scheduling priority	force
DC ZVA 64 字节步长	DC ZVA 64-byte stride	force
DEP (永久), 	DEP (permanent), 	force
DHP 重新平衡策略	DHP rebalance policy	force
DIB 段	DIB Section	force
DLL 导出可被标记为 CFG 无效目标。\r\n	Dll Exports can be marked as CFG invalid targets.\r\n	force
DLL 导出可被标记为 XFG 无效目标。\r\n	Dll Exports can be marked as XFG invalid targets.\r\n	force
DLL 文件 (*.dll)	DLL files (*.dll)	force
DMA 修补列表	DMA patch list	force
DMA 分配列表	DMA allocation list	force
DMA 缓冲区大小	DMA buffer size	force
DNS 域名	DNS domain name	force
DOS 名称	DOS Name	force
DOS 头	DOS Header	force
DOS 存根	DOS Stub	force
DPC 增量	DPCs delta	force
DPI 上下文	DPI Context	force
DPI 感知	DPI awareness	force
DRAM 延迟：%lu 周期 (%lu KB)	DRAM latency: %lu cycles (%lu KB)	force
DSDT 地址	DSDT address	force
DWM 属性	DWM Attributes	force
Defender 受信任的安装程序	Defender trusted installer	force
Dock 模式可用	Is Dock Pattern Available	force
DotNetTools 插件未加载，因此无法读取托管运行时。	The DotNetTools plugin is not loaded, so the managed runtime cannot be read.	force
DynamicValue 重定位节区	DynamicValue relocation section	force
DynamicValue 重定位表	DynamicValue relocation table	force
DynamicValue 重定位表偏移	DynamicValue relocation table offset	force
EC CFG 检查优化	EC CFG check optimization	force
EC 调用检查优化	EC call check optimization	force
EC 间接调用检查优化	EC indirect-call check optimization	force
EFI 应用程序	EFI Application	force
EFI 引导服务驱动程序	EFI Boot Service Driver	force
EFI 运行时驱动程序	EFI Runtime Driver	force
EH 延续	EH Continuation	force
EH 续延表, 	EH continuation table, 	force
ELAM 驱动	ELAM Driver	force
ETW 句柄	ETW handles	force
Eco 模式将降低进程优先级并提高能效，但可能导致某些进程不稳定。	Eco mode will lower process priority and improve power efficiency but may cause instability in some processes.	force
Enclave 基址	Enclave base address	force
Enclave 大小	Enclave size	force
Enclave 安全版本	Enclave SecurityVersion	force
Enclave 家族 ID	Enclave FamilyID	force
Enclave 导入	Enclave Imports	force
Enclave 导入数	Enclave NumberOfImports	force
Enclave 映像 ID	Enclave ImageID	force
Enclave 映像版本	Enclave ImageVersion	force
Enclave 标志	Enclave EnclaveFlags	force
Enclave 策略标志	Enclave PolicyFlags	force
Enclave 类型	Enclave type	force
Enclave 线程数	Enclave NumberOfThreads	force
Enclave 配置指针	Enclave configuration pointer	force
Expand/Collapse 模式可用	Is Expand/Collapse Pattern Available	force
ExtendedTools 插件未加载，因此无法收集 GPU 利用率数据。	The ExtendedTools plugin is not loaded, so nothing is collecting GPU utilization.	force
ExtendedTools 插件未加载，因此无法收集每进程 GPU 使用情况。	The ExtendedTools plugin is not loaded, so nothing is collecting per-process GPU usage.	force
ExtendedTools 插件未加载，因此无法累计每进程 I/O 数据。	The ExtendedTools plugin is not loaded, so nothing is accumulating per-process I/O.	force
ExtendedTools 没有此进程的 I/O 计数器。	ExtendedTools has no I/O counters for this process.	force
FACS 地址	FACS address	force
FIN 等待 1	FIN wait 1	force
FIN 等待 2	FIN wait 2	force
FQBN 名称	FQBN name	force
GC 句柄数	# GC Handles	force
GC 时间百分比	% Time in GC	force
GDI 共享句柄表	GDI shared handle table	force
GDI 句柄	GDI handles	force
GDI 句柄峰值	Peak GDI handles	force
GDI 堆	GDI Heap	force
GP 相对, 	GP relative, 	force
GP 错误, 	GP faults, 	force
GP0 块	GP0 block	force
GP1 块	GP1 block	force
GPU %lu 节点 %lu	GPU %lu node %lu	force
GPU %lu 节点 %lu (%s)	GPU %lu node %lu (%s)	force
GPU 专用字节 (常驻)	GPU dedicated bytes (resident)	force
GPU 专用字节 (提交)	GPU dedicated bytes (committed)	force
GPU 使用率 (文本)	GPU usage (text)	force
GPU 使用率: 	GPU usage: 	force
GPU 共享字节 (常驻)	GPU shared bytes (resident)	force
GPU 共享字节 (提交)	GPU shared bytes (committed)	force
GPU 内存	GPU Memory	force
GPU 内存    	GPU Memory    	force
GPU 内存使用 (文本)	GPU memory usage (text)	force
GPU 内存使用: 	GPU memory usage: 	force
GPU 内存记录	GPU memory history	force
GPU 历史记录	GPU history	force
GPU 名称	GPU name	force
GPU 温度 (文本)	GPU temperature (text)	force
GPU 温度: 	GPU temperature: 	force
GPU 温度记录	GPU temperature history	force
GPU 物理适配器索引	GPU physical adapter index	force
GPU 节点	GPU Nodes	force
GPU 适配器	GPU adapter	force
GPU 适配器详情	GPU Adapter Details	force
GPU/NPU 温度使用华氏度	Enable GPU/NPU fahrenheit temperature	force
GPU频率	GPU Frequency	force
GUI 线程	GUI threads	force
Gen 0 回收次数	# Gen 0 Collections	force
Gen 0 堆大小	Gen 0 Heap Size	force
Gen 0 提升字节数/秒	Gen 0 Promoted Bytes / sec	force
Gen 1 回收次数	# Gen 1 Collections	force
Gen 1 堆大小	Gen 1 Heap Size	force
Gen 1 提升字节数/秒	Gen 1 Promoted Bytes / sec	force
Gen 2 回收次数	# Gen 2 Collections	force
Gen 2 堆大小	Gen 2 Heap Size	force
GeoIP 数据库未找到。	Geoip database not found.	force
GeoIP.conf 文件 (*.conf)	GeoIP.conf files (*.conf)	force
GeoLite 国家 (小型)	GeoLite Country (Small)	force
GeoLite 城市 (大型)	GeoLite City (Large)	force
GeoLite 数据库已更新。	The GeoLite database has been updated.	force
GeoLite 数据库更新(&G)...	GeoLite database update...	force
GeoLite 更新	GeoLite Update	force
GeoLite 更新器不支持旧版 Windows。	The GeoLite updater doesn't support legacy versions of Windows.	force
Grid Item 模式可用	Is Grid Item Pattern Available	force
Grid 模式可用	Is Grid Pattern Available	force
Guard EH 续延表	Guard EH Continuation table	force
Guard EH 续延表项数	Guard EH Continuation table entry count	force
Guard memcpy 函数指针	Guard memcpy function pointer	force
GuardRF 失败函数例程	GuardRF failure-function routine	force
GuardRF 失败函数指针	GuardRF failure-function pointer	force
GuardRF 验证栈指针	GuardRF verify-stack pointer	force
Guid名称	Guid Name	force
HLINK 名称	HLINK Name	force
HLSL 类型	HLSLType	force
HPET 编号	HPET number	force
HWID (发布者)	HWID (Publisher)	force
HWID (用户)	HWID (User)	force
Hybrid Analysis API 错误。	Hybrid Analysis API error.	force
Hyper-V 服务	Hyper-V service	force
Hyper-V 级选项	Hyper-V-level options	force
I/O NMI 源	I/O NMI source	force
I/O 优先级	I/O priority	force
I/O 使用率 (文本)	IO usage (text)	force
I/O 其他	I/O other	force
I/O 其他增量	I/O other delta	force
I/O 其他字节	I/O other bytes	force
I/O 写	I/O W	force
I/O 写入	I/O writes	force
I/O 写入增量	I/O writes delta	force
I/O 写入字节	I/O write bytes	force
I/O 写入：	I/O W: 	force
I/O 写字节	I/O write bytes	force
I/O 写速率	I/O write rate	force
I/O 历史记录	I/O history	force
I/O 增量	I/O deltas	force
I/O 总计	I/O totals	force
I/O 总速率	I/O total rate	force
I/O 模块	I/O module	force
I/O 端口	I/O port	force
I/O 范围	I/O range	force
I/O 读+其他	I/O R+O	force
I/O 读+其他速率	I/O read+other rate	force
I/O 读取	I/O reads	force
I/O 读取+其他	I/O read+other	force
I/O 读取+其他：	I/O R+O: 	force
I/O 读取增量	I/O reads delta	force
I/O 读取字节	I/O read bytes	force
I/O 读字节	I/O read bytes	force
I20 启动	I20 boot	force
I2C 目标地址	I2C target address	force
IAT 槽	IAT Slot	force
ICMP 辅助库不可用。	The ICMP helper is not available.	force
ICMP 错误时失败	Fail on ICMP error	force
ICMPv6 辅助库不可用。	The ICMPv6 helper is not available.	force
ID: %lu，校验和类型: %lu	Id: %lu, ChecksumType: %lu	force
IFS 句柄	IFS handles	force
IL 字节 JIT 编译速率/秒	IL Bytes Jitted / sec	force
IL 相对	IL Relative	force
IME 窗口	IME Window	force
IO优先级	IO priority	force
IP Helper 库不可用。	The IP helper library is not available.	force
IP 刷新	Refresh over IP	force
IP 地址	IP address	force
IP 地址: 最后移除	IP address: Last removal	force
IP 地址: 未知	IP address: Unknown	force
IP 地址: 首次到达	IP address: First arrival	force
IP 地址可用性	IP address availability	force
IP 级选项	IP-level options	force
IPMI 设备	IPMI device	force
IPsec 完整性阻止	IPsec Integrity Block	force
IPv6 保护级别	IPv6 protection level	force
Invoke 模式可用	Is Invoke Pattern Available	force
JIT 编译的 IL 字节总数	Total # of IL Bytes Jitted	force
JIT 编译的 IL 字节数	# of IL Bytes Jitted	force
JIT 编译的方法数	# of Methods Jitted	force
Jit 失败次数	Jit Failures	force
Jit 时间百分比	% Time in Jit	force
KSI 状态	KSI status	force
L%lu %s 延迟：%lu 周期 (%lu KB)	L%lu %s latency: %lu cycles (%lu KB)	force
L1 缓存	L1 cache	force
L1 缓存句柄	L1 cache handle	force
L2 缓存	L2 cache	force
L2 缓存句柄	L2 cache handle	force
L3 缓存	L3 cache	force
L3 缓存句柄	L3 cache handle	force
LAN 远程	LAN remote	force
LFS 版本	LFS version	force
LPC 模式	LPC mode	force
LS-120 启动	LS-120 boot	force
LUID：	LUID:	force
Lock 前缀 %lu	Lock prefix %lu	force
Lock 前缀表	Lock prefix table	force
MBB Tx/Rx 字节	MBB Tx/Rx bytes	force
MF 卡	MF card	force
MFT 写入字节数	Mft write bytes	force
MFT 写入次数	Mft writes	force
MFT 区域大小	MFT zone size	force
MFT 区域簇数	MFT Zone clusters	force
MFT 大小	MFT size	force
MFT 记录数	MFT records	force
MFT 读取字节数	Mft read bytes	force
MFT 读取次数	Mft reads	force
MFT 起始位置	MFT start	force
MFT 镜像起始位置	MFT mirror start	force
MTU 上限	Upper MTU bound	force
MTU 发现	MTU discovery	force
MUI ID 类型偏移	MuiIDTypesOffset	force
MUI ID 类型长度	MuiIDTypesLength	force
MUI 名称类型偏移	MuiNameTypesOffset	force
MUI 名称类型长度	MuiNameTypesLength	force
MaxMind GeoLite 许可证密钥:	MaxMind GeoLite License Key:	force
MaxMind GeoLite 账户 ID:	MaxMind GeoLite Account ID:	force
Microsoft 虚拟机监控程序	Microsoft hypervisor	force
Multiple View 模式可用	Is Multiple View Pattern Available	force
N/A (快照)	N/A (snapshot)	force
N/A（传输不是 TDI）	N/A (transport is not TDI)	force
N/A（传输层不是 TDI）	N/A (transport is not TDI)	force
N/A（未连接）	N/A (not connected)	force
NEC 9800 软盘	NEC 9800 floppy	force
NPU 专用字节 (常驻)	NPU dedicated bytes (resident)	force
NPU 专用字节 (提交)	NPU dedicated bytes (committed)	force
NPU 使用率: 	NPU usage: 	force
NPU 共享字节 (常驻)	NPU shared bytes (resident)	force
NPU 共享字节 (提交)	NPU shared bytes (committed)	force
NPU 历史记录	NPU history	force
NPU 历史记录 (不可用)	NPU history (unavailable)	force
NPU 名称	NPU name	force
NPU 节点	NPU Nodes	force
NPU 适配器详情	NPU Adapter Details	force
NT 堆	NT Heap	force
NT 堆 (LFH)	NT Heap (LFH)	force
NT 堆 (旁视列表)	NT Heap (Lookaside)	force
NT 枚举器	NT enumerator	force
NT 驱动	NT driver	force
NTA 正在初始化	NTA initializing	force
NTFS 名称	NTFS Name	force
NTFS 安全描述符	NTFS Security Descriptors	force
NTFS 安全标识符	NTFS SecurityID	force
NTFS 对象标识符	NTFS Object Identifiers	force
NTFS 重分析点	NTFS Reparse Points	force
NUMA 节点	Numa Node	force
NUMA 邻近默认值	Numa proximity default	force
NV 存储地址	NV storage address	force
NX 兼容, 	NX compatible, 	force
NetworkTools 插件未加载，因此无法执行查询。	The NetworkTools plugin is not loaded, so there is nothing to run the query.	force
NetworkTools 插件未加载，因此没有可供读取的地理位置数据库。	The NetworkTools plugin is not loaded, so there is no geolocation database to read.	force
Ntdll 句柄	Ntdll handles	force
OEM 信息（e_oemid 特定）	OEM information (e_oemid specific)	force
OEM 修订版本	OEM revision	force
OEM 字符串	OEM strings	force
OEM 定义	OEM defined	force
OEM 标识符（用于 e_oeminfo）	OEM identifier (for e_oeminfo)	force
OEM 特定	OEM specific	force
OEM 表 ID	OEM table ID	force
OLE1DDE 已禁用	OLE1DDE disabled	force
OOB 内联	OOB in line	force
OS 上下文	OS context	force
OS 完整性连续性, 	OS integrity continuity, 	force
OS 特殊函数: %ls	OS special function: %ls	force
OnlineChecks 插件未加载，因此无法向 Hybrid Analysis 发起查询。	The OnlineChecks plugin is not loaded, so there is nothing to ask Hybrid Analysis with.	force
OnlineChecks 插件未加载，因此无法向 VirusTotal 发起查询。	The OnlineChecks plugin is not loaded, so there is nothing to ask VirusTotal with.	force
OnlineChecks 插件未加载，因此没有可读取的扫描数据库。	The OnlineChecks plugin is not loaded, so there is no scan database to read.	force
P-state 控制	P-state control	force
PATA 控制器	PATA controller	force
PC 卡	PC card	force
PC-AT 兼容	PC-AT Compatible	force
PCI BAR 类型	PCI BAR types	force
PCI Express 能力控制	PCI express capability control	force
PCI Express 规范版本	PCI express spec version	force
PCI SR-IOV 支持	PCI SR-IOV support	force
PCI 中断支持	PCI interrupt support	force
PCI 中断消息最大值	PCI interrupt message maximum	force
PCI 内存映射配置 (MCFG)	PCI Memory-Mapped Configuration (MCFG)	force
PCI 原生 Express 控制	PCI native express control	force
PCI 基类	PCI base class	force
PCI 子类	PCI sub class	force
PCI 序列号	PCI serial number	force
PCI 当前有效载荷大小	PCI current payload size	force
PCI 当前速度和模式	PCI current speed and mode	force
PCI 当前链路宽度	PCI current link width	force
PCI 当前链路速度	PCI current link speed	force
PCI 最大有效载荷大小	PCI max payload size	force
PCI 最大读取请求大小	PCI max read request size	force
PCI 最大链路宽度	PCI max link width	force
PCI 最大链路速度	PCI max link speed	force
PCI 标签 ID	PCI label ID	force
PCI 标签字符串	PCI label string	force
PCI 系统 MSI 支持	PCI system MSI support	force
PCI 编程接口	PCI programming interface	force
PCI 设备类型	PCI device type	force
PCI 配置	PCI configuration	force
PCIE 分叉	PCIE Bifurcation	force
PCIE 带宽	PCIE Bandwidth	force
PCIE带宽	PCIE Bandwidth	force
PCMCIA 启动	PCMCIA boot	force
PCR 索引：%lu\r\n	PCR index: %lu\r\n	force
PDO 名称	PDO name	force
PE Viewer 不支持此映像类型。	PE Viewer does not support this image type.	force
PE 映像查看器	Portable Executable Viewer	force
PE 查看器：	PE viewer:	force
PGO 动态指令计数	PGO Dynamic Instruction Count	force
PID (十六进制)	PID (Hex)	force
PM 计时器块	PM timer block	force
PM1a 事件块	PM1a event block	force
PM1a 控制块	PM1a control block	force
PM1b 事件块	PM1b event block	force
PM1b 控制块	PM1b control block	force
PM2 控制块	PM2 control block	force
PME 信号	PME signal	force
PMIC0 制造商 ID	PMIC0 manufacturer ID	force
PMIC0 版本	PMIC0 revision	force
PSM 前台持续时间	PSM foreground duration	force
PSM 后台持续时间	PSM background duration	force
Pico 进程	Pico processes	force
Ping 主机名或 IP 地址	Ping the Hostname or IP Address	force
Ping 地址(&P)...	Ping address...	force
Ping 数据包长度:	Ping packet length:	force
Ping 统计	Ping statistics	force
PnP 设备	PnP device	force
PnP 设备名称	PnP Device Name	force
QoS 策略数据包	QoS Policy Packet	force
RAPL 名称	RAPL name	force
RAPL 设备	RAPL Devices	force
RAW (大小)	RAW (size)	force
RAW (结束)	RAW (end)	force
RAW (起始)	RAW (start)	force
RC 配置版本	RC config version	force
RCD 制造商 ID	RCD manufacturer ID	force
RCD 版本	RCD revision	force
RECT { 左边: %.0f, 顶部: %.0f, 右边: %.0f, 底部: %.0f }	RECT { left: %.0f, top: %.0f, right: %.0f, bottom: %.0f }	force
RECT { 左边: %d, 顶部: %d, 右边: %d, 底部: %d }	RECT { left: %d, top: %d, right: %d, bottom: %d }	force
ROM 大小	ROM size	force
ROM 插槽	ROM socketed	force
RPC 使用	RPC usage	force
RVA (大小)	RVA (size)	force
RVA (结束)	RVA (end)	force
RVA (起始)	RVA (start)	force
Range Value 模式可用	Is Range Value Pattern Available	force
Rich 哈希	Rich hash	force
Rich 大小	Rich size	force
Rich 熵	Rich entropy	force
Run DLL 目标文件：\n	Run DLL target file:\n	force
S4BIOS 请求值	S4BIOS request value	force
SAS 控制器	SAS controller	force
SATA 控制器	SATA controller	force
SBDS 制造日期	SBDS Manufacture date	force
SBDS 序列号	SBDS serial number	force
SBDS 版本号	SBDS version number	force
SBDS 设备化学类型	SBDS device chemistry	force
SCI 中断向量	SCI interrupt vector	force
SEH 处理程序	SEH Handler	force
SEH 处理程序数	SEH handler count	force
SEH 处理程序表	SEH handler table	force
SEHOP 可防止结构化异常处理程序 (SEH) 被覆写。\r\n	SEHOP prevents Structured Exception Handler (SEH) overwrites.\r\n	force
SID 类型：	SID type:	force
SKU 编号	SKU number	force
SM 总线	SM bus	force
SMBus 信号	SMBus signal	force
SMI 命令端口	SMI command port	force
SMT 线程分支目标隔离	SMT-thread branch target isolation	force
SYN 已发送	SYN sent	force
SYN 已接收	SYN received	force
SYN 重传	SYN retransmits	force
Scroll Item 模式可用	Is Scroll Item Pattern Available	force
Scroll 模式可用	Is Scroll Pattern Available	force
Selection Item 模式可用	Is Selection Item Pattern Available	force
Selection 模式可用	Is Selection Pattern Available	force
Set Context IP 验证：检测到上下文 IP 被修改将导致进程终止。\r\n	Set Context IP validation : any detected modification of context IP will cause the process to terminate.\r\n	force
Shim 数据	Shim data	force
Silo 共享数据	Silo shared data	force
Silo 创建	Silo Create	force
Silo 终止	Silo Terminate	force
SimExec 已启用。\r\n	SimExec is enabled.\r\n	force
Source Link: 已找到\r\n	Source Link: Found\r\n	force
StackPivot 已启用。\r\n	StackPivot is enabled.\r\n	force
System Informer - 安装程序	System Informer - Setup	force
System Informer - 更新器	System Informer - Updater	force
System Informer MCP 中转	System Informer MCP broker	force
System Informer 不是默认任务管理器：	System Informer is not the default Task Manager:	force
System Informer 便携版	System Informer Portable	force
System Informer 便携版启动器	System Informer Portable Launcher	force
System Informer 卸载程序	System Informer Uninstall	force
System Informer 安装向导失败	System Informer Setup Wizard failed	force
System Informer 安装程序	System Informer Setup	force
System Informer 已与 Hybrid-Analysis 合作，为进程、加载的模块和服务提供自动信誉分析。	System Informer has partnered with Hybrid-Analysis to provide automatic reputation analysis for processes, loaded modules, and services.	force
System Informer 已卸载。	System Informer has been uninstalled.	force
System Informer 已崩溃 :(	System Informer has crashed :(	force
System Informer 已崩溃 :(\r\n\r\n%s	System Informer has crashed :(\r\n\r\n%s	force
System Informer 已配置为将确认委托给客户端，但该客户端不支持 elicitation。请在 System Informer 的 AgentTools 选项中启用确认，或使用支持 elicitation 的客户端。	System Informer is configured to delegate confirmation to the client, but this client does not support elicitation. Enable confirmation in System Informer's AgentTools options or use a client with elicitation support.	force
System Informer 是默认任务管理器：	System Informer is the default Task Manager:	force
System Informer 的设置文件已损坏。是否要重置它？	The System Informer settings file is corrupt. Do you want to reset it?	force
System Informer：是否允许已连接的智能体%s%s%s？\n\n%s\n\n请求者：%s\n\n此请求由 AI 智能体通过 System Informer 发起。仅在您有意执行时才确认。	System Informer: allow the connected agent to %s%s%s?\n\n%s\n\nRequested by: %s\n\nThis request was made by an AI agent through System Informer. Confirm only if you intended it.	force
System Informer：是否允许已连接的智能体%s%s%s？\n\n请求者：%s\n\n这会将请求从本机发送到互联网上的服务。仅在您有意执行时才确认。	System Informer: allow the connected agent to %s%s%s?\n\nRequested by: %s\n\nThis sends the request off this machine to a service on the internet. Confirm only if you intended it.	force
System Informer：是否允许已连接的智能体在本会话的剩余时间内%s？\n\n请求者：%s\n\n仅在您有意执行时才确认。	System Informer: allow the connected agent to %s for the rest of this session?\n\nRequested by: %s\n\nConfirm only if you intended it.	force
System Informer：是否允许已连接的智能体在本会话的剩余时间内%s？\n\n首个目标：%s\n\n请求者：%s\n\n仅在您有意执行时才确认。	System Informer: allow the connected agent to %s for the rest of this session?\n\nFirst target: %s\n\nRequested by: %s\n\nConfirm only if you intended it.	force
TCP 信息	TCP information	force
TCP 状态	TCP state	force
TCP 级选项	TCP-level options	force
TDI 地址设备	TDI address device	force
TDI 设备	TDI devices	force
TDI 连接设备	TDI connection device	force
TEB%s (线程 %lu)	TEB%s (thread %lu)	force
TID (十六进制)	TID (hex)	force
TLB 导入数/秒	# of TLB imports / sec	force
TLB 导出数/秒	# of TLB exports / sec	force
TPM 写入功能尚未实现	TPM write not yet implemented	force
TPM 数据	TPM Data	force
TPM 索引 0x%08x	TPM index 0x%08x	force
TPM 设备	TPM device	force
Table Item 模式可用	Is Table Item Pattern Available	force
Table 模式可用	Is Table Pattern Available	force
Text 模式可用	Is Text Pattern Available	force
Toggle 模式可用	Is Toggle Pattern Available	force
Toshiba 软盘	Toshiba floppy	force
Traceroute 地址(&T)...	Traceroute address...	force
Tracert 主机名或 IP 地址	Tracert the Hostname or IP Address	force
Tracert 最大跳数:	Max Tracert Hops:	force
Transform 模式可用	Is Transform Pattern Available	force
TrustLevel 名称	TrustLevel Name	force
UDP 级选项	UDP-level options	force
UEFI 变量	UEFI Variable	force
UEFI 设备路径	UEFI device path	force
UI 自动化	UI Automation	force
UIAccess 标志	the UIAccess flag	force
UIAccess 进程	UIAccess processes	force
UIAccess：	UIAccess:	force
UMA 互锁与 32	UMA interlocked-and 32	force
UMA 互锁与 64	UMA interlocked-and 64	force
UMA 互锁或 32	UMA interlocked-or 32	force
UMA 互锁或 64	UMA interlocked-or 64	force
UMA 从用户空间复制	UMA copy-from-user	force
UMA 从用户空间复制 (非临时)	UMA copy-from-user (non-temporal)	force
UMA 从用户空间复制到用户空间	UMA copy-to-user-from-user	force
UMA 从用户空间移动到用户空间	UMA move-to-user-from-user	force
UMA 写入 UCHAR	UMA write UCHAR	force
UMA 写入 UCHAR (释放)	UMA write UCHAR (release)	force
UMA 写入 ULONG	UMA write ULONG	force
UMA 写入 ULONG (释放)	UMA write ULONG (release)	force
UMA 写入 ULONG64	UMA write ULONG64	force
UMA 写入 ULONG64 (释放)	UMA write ULONG64 (release)	force
UMA 写入 USHORT	UMA write USHORT	force
UMA 写入 USHORT (释放)	UMA write USHORT (release)	force
UMA 分发 (KSCP)	UMA dispatch (KSCP)	force
UMA 复制到用户空间	UMA copy-to-user	force
UMA 复制到用户空间 (非临时)	UMA copy-to-user (non-temporal)	force
UMA 字符串长度	UMA string length	force
UMA 宽字符串长度	UMA wide string length	force
UMA 比较交换 64	UMA compare-exchange 64	force
UMA 设置用户空间内存	UMA set-user-memory	force
UMA 读取 UCHAR	UMA read UCHAR	force
UMA 读取 UCHAR (获取)	UMA read UCHAR (acquire)	force
UMA 读取 ULONG	UMA read ULONG	force
UMA 读取 ULONG (获取)	UMA read ULONG (acquire)	force
UMA 读取 ULONG64	UMA read ULONG64	force
UMA 读取 ULONG64 (获取)	UMA read ULONG64 (acquire)	force
UMA 读取 USHORT	UMA read USHORT	force
UMA 读取 USHORT (获取)	UMA read USHORT (acquire)	force
URG 解释	URG interpretation	force
URL：	URL:	force
USB 传统	USB legacy	force
USER 句柄	USER handles	force
USER 句柄峰值	Peak USER handles	force
UUID 已初始化	UUID initialized	force
Unicode 字符集, 	Unicode charset, 	force
UserNotes 插件未加载，因此没有已保存的笔记。	The UserNotes plugin is not loaded, so there are no saved notes.	force
VPN 失败 (阶段 1)	VPN Failure (Phase 1)	force
VPN 失败 (阶段 2)	VPN Failure (Phase 2)	force
VPN 身份验证失败	VPN Auth Failure	force
Value 模式可用	Is Value Pattern Available	force
VirusTotal ReScan API 错误。	VirusTotal ReScan API error.	force
VirusTotal ViewReport API 错误。	VirusTotal ViewReport API error.	force
WDDM 版本	WDDM Version	force
WDDM版本	WDDM Version	force
WDM 驱动程序, 	WDM driver, 	force
WER 注册数据	WER registration data	force
WFP 重定向上下文	WFP redirect context	force
WFP 重定向记录	WFP redirect records	force
WMI 提供程序：\n	WMI Providers:\n	force
WMI 根命名空间	WMI Root Namespace	force
WOW64 完成列表	WOW64 completion list	force
WS 监视(&W)	WS watch	force
WebDAV 设备	WebDAV device	force
Whois 查询	Whois	force
Whois 查询 %s...	Whois %s...	force
Whois 查询(&W)	Whois	force
Whois 查询主机名或 IP 地址	Whois the Hostname or IP Address	force
Whois 查询地址(&W)...	Whois address...	force
Win32 进程	Win32 process	force
Win32k (GDI/USER) 系统调用将触发 ETW 事件。\r\n	Win32k (GDI/USER) system calls will trigger an ETW event.\r\n	force
Win32k 系统调用已禁用	Win32k system calls disabled	force
Win32k 系统调用（审核）	Win32k system calls (Audit)	force
WinLogon 创建	WinLogon created	force
WinRT 已初始化	WinRT initialized	force
Window 模式可用	Is Window Pattern Available	force
Windows Defender 脱机扫描	Windows Defender Offline Scan	force
Windows 使用旧 BIOS。	Windows was installed using legacy BIOS.	force
Windows 内核 	Windows Kernel 	force
Windows 启动应用程序	Windows Boot Application	force
Windows 筛选平台库不可用。	The filtering platform library is not available.	force
WoW 线程	WoW thread	force
Wow64 环境下不支持内核驱动程序，请改用原生二进制文件。	The kernel driver is not supported under Wow64, use the native binary instead.	force
X 偏移	Offset X	force
XFG 分发优化	XFG dispatch optimization	force
XFG 哈希	XFG Hash	force
XFG 检查函数指针	XFG check-function pointer	force
XFG 表调度函数指针	XFG table dispatch-function pointer	force
XFG 调度函数指针	XFG dispatch-function pointer	force
XML 未以 '<' 开头（遇到 '%c'）。	XML does not start with '<' (saw '%c').	force
Y 偏移	Offset Y	force
ZIP 启动	ZIP boot	force
[%lu] 访问被拒绝（无效的许可证密钥）	[%lu] Access denied (invalid license key)	force
[僵尸进程] 	[Zombie] 	force
[包含] 	[Include] 	force
[压力测试] %s: %ums\n	[strs] %s: %ums\n	force
[失败]: 写入区域中存在活动的读取者！\n	[fail]: readers active in write zone!\n	force
[失败]: 读取区域中存在活动的写入者！\n	[fail]: writers active in read zone!\n	force
[完整] %s\r\n	[FULL] %s\r\n	force
[已终止] 	[Terminated] 	force
[排除] 	[Exclude] 	force
[未知 SID]	[Unknown SID]	force
[空测试] %s: %ums\n	[null] %s: %ums\n	force
[缺失]	[MISSING]	force
[附加信息：%s]	[Extra: %s]	force
affinity_mask 指定了该计算机不存在的处理器；当前活动处理器为 0x%I64x。	affinity_mask names a processor this machine does not have; the active processors are 0x%I64x.	force
descending 必须为 true 或 false。	descending must be true or false.	force
description 不能超过 %lu 个字符。	description must be %lu characters or fewer.	force
directories_only 与 files_only 不能同时设置。	directories_only and files_only cannot both be set.	force
encoding 必须为 ansi、utf8 或 utf16。	encoding must be ansi, utf8 or utf16.	force
group 超出范围。	group is out of range.	force
io_priority 必须是 very_low、low、normal、high 之一。	io_priority must be one of very_low, low, normal, high.	force
kCFG 分发 (KSCP)	kCFG dispatch (KSCP)	force
kCFG 检查 (KSCP)	kCFG check (KSCP)	force
list_devices 可显示该节点的信息，以及是否存在值得询问的父设备。	 list_devices shows what the node is and whether it has a parent worth asking about instead.	force
method 必须为 brute_force、process_handles、registry、etw_guid 或 ntdll。	method must be brute_force, process_handles, registry, etw_guid or ntdll.	force
path 必须指向 \\\\Driver 或 \\\\Device 下的对象。	path must name an object under \\\\Driver or \\\\Device.	force
path 必须是以盘符开头的绝对路径，例如 C:\\\\Windows\\\\System32\\\\ntdll.dll。	path must be an absolute path beginning with a drive letter, such as C:\\\\Windows\\\\System32\\\\ntdll.dll.	force
pattern_hex 必须为偶数个十六进制数字。	pattern_hex must be an even number of hex digits.	force
pid %llu 现在的 process_sequence_number 是 %llu 而非 %llu；之前显示的进程已退出且 pid 被复用。请重新列出后重试。	pid %llu is now process_sequence_number %llu, not %llu; the process you were shown has exited and the pid was reused. Re-list and try again.	force
pid %lu 是 32 位进程，其已卸载模块跟踪的布局面向 32 位；读取它需要 32 位辅助进程，而本工具没有访问该辅助进程的途径。	pid %lu is a 32-bit process, and its unloaded module trace is laid out for 32-bit; reading it needs the 32-bit helper this tool has no route to.	force
pid %lu 没有句柄 0x%llx。	pid %lu has no handle 0x%llx.	force
pids 不能为空。	pids must not be empty.	force
pids 包含 %lu 个条目；一次调用最多只能询问 %lu 个。	pids holds %lu entries; at most %lu can be asked about in one call.	force
priority_class 必须是 idle、below_normal、normal、above_normal、high、realtime 之一。	priority_class must be one of idle, below_normal, normal, above_normal, high, realtime.	force
rank_by 必须为 cpu、io、io_read、io_write、private_bytes_growth 或 private_bytes。	rank_by must be cpu, io, io_read, io_write, private_bytes_growth or private_bytes.	force
rva 仅在提供 path 时有意义；运行中的进程应使用 address。	rva is only meaningful with path; a running process takes an address.	force
scope 必须为 top_level、all 或 message_only。	scope must be top_level, all or message_only.	force
sha256 必须为 64 个十六进制字符。	sha256 must be 64 hexadecimal characters.	force
sort_by 必须是字符串。	sort_by must be a string.	force
start_type 必须为 boot、system、auto、demand、disabled 之一。	start_type must be one of boot, system, auto, demand, disabled.	force
started_after 必须是 ISO 8601 格式的时间（例如 2026-09-08T01:02:03Z），与 start_time 字段返回的格式一致。	started_after must be an ISO 8601 time such as 2026-09-08T01:02:03Z, as returned in start_time.	force
state 必须是 show、hide、minimize、maximize、restore、foreground 之一。	state must be one of show, hide, minimize, maximize, restore, foreground.	force
this 相对	ThisRel	force
this(bf)+0x%X:0x%X 长度(0x%X)	this(bf)+0x%X:0x%X len(0x%X)	force
“%s”位于位置 %zu。	\"%s\" at position %zu.	force
•  扫描图像的 SHA-256 哈希，用于信誉查询	•  SHA-256 hashes of scanned images, for reputation lookup	force
• Hybrid-Analysis 未知的文件将被上传以进行完整分析	•  Files unknown to Hybrid-Analysis are uploaded for full analysis	force
⚙ (系统默认)\n%s	⚙ (System default)\n%s	force
⚙ 系统默认\nAeDebug 注册表项中未配置调试器。	⚙ System default\nNo debugger is configured in the AeDebug registry key.	force
、	,	force
。确保 System Informer 以管理员权限运行。	. Make sure System Informer is running with administrative privileges.	force
一个智能体已连接到 System Informer，但无人及时允许，连接已断开。	An agent connected to System Informer and nobody allowed it in time. It was disconnected.	force
一个智能体请求 System Informer 执行操作，但无人及时确认，请求已被拒绝。	An agent asked System Informer to perform an action and nobody confirmed it in time. The request was denied.	force
一个未知进程	an unknown process	force
一个未表明身份的 MCP 客户端	an MCP client that did not identify itself	force
一个未表明身份的客户端	an unidentified client	force
一体机	All-in-one	force
一次写入介质	Write once media	force
一路	One-way	force
上下文代理数	Context Proxies	force
上下文切换	Context switches	force
上下文切换增量	Context switches delta	force
上下文数	Contexts	force
上下文绑定对象分配速率/秒	Context-Bound Objects Alloc / sec	force
上传 %s 时出错...	Error uploading %s...	force
上传大小：	Upload size:	force
上传文件\n上传新样本以进行更新分析	Upload file\nUpload fresh sample for updated analysis	force
上传文件到 Filescan(&F)...	Upload file to Filescan...	force
上传文件到 Hybrid-Analysis(&H)...	Upload file to Hybrid-Analysis...	force
上传文件到 Jotti(&J)...	Upload file to Jotti...	force
上传文件到 VirusTotal(&V)...	Upload file to VirusTotal...	force
上层筛选器	Upper filters	force
上层驱动程序	Upper-edge driver	force
上层驱动程序映像	Upper-edge driver Image	force
上次分析：	Last analyzed:	force
上次失败登录	Last failed logon	force
上次成功登录	Last successful logon	force
上次成功登录后失败尝试	Failed logon attempts since	force
上次更新检查：%s（%s 前）	Next update check: %s (%s)	force
上次更新检查：N/A	Last update check: N/A	force
上次状态码	Last status code	force
上次的 System Informer 更新需要重启计算机。	The last System Informer update requires a reboot.	force
上次系统调用	Last system call	force
上次设置密码	Password last set	force
上海	Shanghai	force
上移	Move Up	force
上级权限	Superior rights	force
上阈值不可恢复	Upper threshold non-recoverable	force
上阈值严重	Upper threshold critical	force
上阈值非关键	Upper threshold non-critical	force
下一个可用条目: %d\n	Next usable entry: %d\n	force
下一个空闲条目: %d\n	Next free entry: %d\n	force
下一低谷：%s（%s）\r\n	Next valley: %s (%s)\r\n	force
下一低谷：无\r\n	Next valley: none\r\n	force
下一步(&N) >	Next >	force
下一高峰：%s（%s）\r\n	Next peak: %s (%s)\r\n	force
下一高峰：无\r\n	Next peak: none\r\n	force
下层筛选器	Lower filters	force
下层驱动程序	Lower-edge driver	force
下层驱动程序映像	Lower-edge driver image	force
下次更新检查：%s	Next update check: %s	force
下次更新检查：%s（%s）	Last update check: %s (%s ago)	force
下次更新检查：N/A	Next update check: N/A	force
下次计划开机	Next scheduled power-on	force
下移	Move Down	force
下级权限	Subordinate rights	force
下载	Download	force
下载 GeoLite 数据库时出错。	Error downloading GeoLite database.	force
下载 GeoLite 数据库更新需要许可证密钥和账号，但未配置密钥或账号。\n\nGeoLite 许可证密钥和账号是免费的。如果您不确定如何创建密钥，请在此处查看文档：<a href=\"https://support.maxmind.com/hc/en-us/articles/4407111582235-Generate-a-License-Key\">生成许可证密钥</a>\n\n创建密钥后，您可以将其复制粘贴到 选项 窗口 > 网络工具 设置中，System Informer 即可开始下载 GeoLite 数据库更新。\n\n特别感谢 MaxMind (<a href=\"https://www.maxmind.com\">https://www.maxmind.com</a>) 持续提供免费的 GeoLite 服务 <3	A license key and account number are required to download GeoLite database updates and either the key or number are not configured.\n\nGeoLite license keys and accounts are free. If you're unsure how to create keys then please review the documentation here: <a href=\"https://support.maxmind.com/hc/en-us/articles/4407111582235-Generate-a-License-Key\">Generate-a-License-Key</a>\n\nOnce you've created the key you can copy/paste the text into the Options window > NetworkTools settings and System Informer can start downloading GeoLite database updates.\n\nSpecial thanks to MaxMind (<a href=\"https://www.maxmind.com\">https://www.maxmind.com</a>) for continuing free GeoLite services <3	force
下载(&D)	Download	force
下载更新	Download update	force
下载更新时出错。	Error downloading the update.	force
下载最新的 GeoLite 数据库？	Download the latest GeoLite database?	force
下载渠道时出错。	Error downloading the channel.	force
下阈值不可恢复	Lower threshold non-recoverable	force
下阈值严重	Lower threshold critical	force
下阈值非关键	Lower threshold non-critical	force
不串行化, 	No serialize, 	force
不了解 EA	No EA knowledge	force
不会创建文件夹	No folder will be created	force
不使用通配符, 	Don't use wildcard, 	force
不修饰名称, 	No mangle, 	force
不允许	Not allowed	force
不允许 Win32k (GDI/USER) 系统调用。\r\n	Win32k (GDI/USER) system calls are not allowed.\r\n	force
不允许加载剥离了重定位数据的映像。\r\n	Images with stripped relocation data are disallowed.\r\n	force
不允许执行动态加载的代码。\r\n	Dynamically loaded code is not allowed to execute.\r\n	force
不允许，不受限制	Not allowed, not restricted	force
不允许，受限制	Not allowed, restricted	force
不再显示此消息	Don't show this message again	force
不再询问	Stop asking	force
不分片	Don't fragment	force
不创建开始菜单快捷方式	Do not create Start Menu shortcuts	force
不取回	No recall	force
不受信任	Untrusted	force
不受信任的 DLL 和服务	Untrusted DLLs and Services	force
不受信任的模块	Untrusted modules	force
不受限	Unrestricted	force
不受限制	Unrestricted	force
不可分页, 	Not pageable, 	force
不可恢复	Non-recoverable	force
不可映射字符异常继承自程序集, 	ThrowOnUnmappableChar assembly, 	force
不可用	Unavailable	force
不可确定	Not determinable	force
不可移动, 	Immovable, 	force
不可纠正	Uncorrectable	force
不可纠正错误	Uncorrectable errors	force
不可继承, 	Non-inheritable, 	force
不可缓存, 	Not cachable, 	force
不可警报	non-alertable	force
不含可选数据	Without optional data	force
不含辅助状态	Without auxiliary state	force
不存在	Does Not Exist	force
不存在的进程 (	Non-existent process (	force
不存在的进程（%lu）	Non-existent process (%lu)	force
不存在的进程（%u）	Non-existent process (%u)	force
不执行	Don't perform	force
不执行任何操作	Take no action	force
不支持	Not capable	force
不支持实时迁移	not live-migrateable	force
不支持的协议版本	Unsupported protocol version	force
不支持的文件架构。	File architecture not supported.	force
不绑定, 	Do not bind, 	force
不继承句柄	No handle inherit	force
不路由	Don't route	force
不透明	Opaque	force
不透明度	Opacity	force
不重启	Do not reboot	force
与 Hybrid-Analysis 共享的内容	What is shared with Hybrid-Analysis	force
与 System Informer 运行在同一用户账户下的进程。	Processes running under the same user account as System Informer.	force
与作业关联的进程。	Processes associated with a job.	force
与后代进程	 and its descendants	force
与应用容器或沉浸式应用程序关联的模块。	Modules associated with app-container or immersive applications.	force
专有	Proprietary	force
专用	Private	force
专用内存	Dedicated memory	force
专用内存:	Dedicated memory:	force
专用堆	Private Heap	force
专用字节	Private bytes	force
专用字节增量	Private bytes delta	force
专用字节峰值	Peak private bytes	force
专用工作集	Private WS	force
专用提交	Private commit	force
专用提交峰值	Peak private commit	force
专用页	Private pages	force
世纪	Centuries	force
业务线应用	Line of business	force
丢包	Packet loss	force
丢失: %lu (%.0f%%)	Pings lost: %lu (%.0f%%)	force
丢失: 0 (0%)	Pings lost: 0 (0%)	force
丢弃	DROP	force
丢弃 (AppContainer)	DROP (AppContainer)	force
丢弃 (MAC)	DROP (MAC)	force
两星期	Two weeks	force
两者都不	Neither	force
两路	Two-way	force
严格 	Strict 	force
严格 CFG：仅可加载 CFG 模块。\r\n	Strict CFG : only CFG modules can be loaded.\r\n	force
严格 GS 检查	Strict GS Check	force
严格 XFG：仅可加载 XFG 模块。\r\n	Strict XFG : only XFG modules can be loaded.\r\n	force
严格句柄检查	Strict handle checks	force
严格堆栈保护：检测到任何 ROP 都将导致进程终止。\r\n	Strict Stack protection : any detected ROP will cause the process to terminate.\r\n	force
严重	Critical	force
严重复合温度时间	Critical composite temperature time	force
严重程度	Severity	force
个导入函数	import	force
个模块	module	force
中	Token	force
中 +	Container	force
中值	Median	force
中央	Central	force
中性	Neutral	force
中性单元 (NTA)	Neutral threaded (NTA)	force
中断	Interrupt	force
中断 #	Interrupt #	force
中断信息	Interrupt info	force
中断和 DPC	Interrupts and DPCs	force
中断增量	Interrupts delta	force
中断模型	Interrupt model	force
中断源覆盖	Interrupt source override	force
中等	Medium	force
中间级别	Disable	force
串口	Serial	force
串口 16450	Serial port 16450	force
串口 16550	Serial port 16550	force
串口 16550A	Serial port 16550A	force
串口 XT/AT	Serial port XT/AT	force
临时	Temporary	force
临界区	Critical section	force
临界区: %ums\n	Critical section: %ums\n	force
临界区默认超时	Critical section default timeout	force
为 %s 保存(&S)	Save for %s	force
为 %s 保存(&S) (IFEO)	Save for %s (IFEO)	force
为 System Informer 快捷方式选择一个开始菜单文件夹。	Choose a Start Menu folder for System Informer shortcuts.	force
为可执行文件配置IO优先级...	Configure IO priority for executable...	force
为可执行文件配置优先级...	Configure priority for executable...	force
为可执行文件配置页优先级...	Configure page priority for executable...	force
为此会话提供智能体工具 (MCP)	Serve agent tools (MCP) for this session	force
为此命令行保存(&F)	Save for this command line	force
为网络连接提供 Ping、Traceroute 和 Whois 功能。	Provides ping, traceroute and whois for network connections.	force
为进程启用“服务”子菜单	Enable Services submenu for processes	force
主 ID 类型偏移	MainIDTypesOffset	force
主 ID 类型长度	MainIDTypesLength	force
主 STA	Main STA	force
主体	Principal	force
主动散热	Active cooling	force
主名称类型	MainNameTypes	force
主名称类型偏移	MainNameTypesOffset	force
主名称类型长度	MainNameTypesLength	force
主服务器	Main server	force
主机写入命令数	Host write commands	force
主机名	Hostname	force
主机线程	Host thread	force
主机读取命令数	Host read commands	force
主板	Motherboard	force
主版本	Major release	force
主目录	Home directory	force
主目录驱动器	Home directory drive	force
主类型 ID	MainTypeIDs	force
主组：	Primary group:	force
主菜单（自动隐藏）	Main menu (auto-hide)	force
主要	Primary	force
主题	Themes	force
主题模式：	Theme mode:	force
乱序数据包	Out-of-order packets	force
争用事件	Contention events	force
争用计数	Contention count	force
争用速率/秒	Contention Rate / sec	force
事件	Event	force
事件对	Event Pair	force
事件日志记录器已禁用	Eventlogger disabled	force
事件类型	Event type	force
事件类型：%s (0x%08lx)\r\n	Event type: %s (0x%08lx)\r\n	force
事件计时器块 ID	Event timer block ID	force
事件跟踪信息	Event trace information	force
二进制文件 (*.bin)	Binary files (*.bin)	force
二进制路径	Binary path	force
二进制路径为空。	The binary path is empty.	force
二进制路径：	Binary path:	force
互斥体	Mutex	force
互斥体信息	Mutant information	force
互连	Interconnect	force
亚笔记本	Sub notebook	force
交互式	Interactive	force
交互式共享进程	Share interactive process	force
交互式独立进程	Own interactive process	force
交互式窗口站	Interactive Window Station	force
交错位置	Interleave position	force
交错数据深度	Interleave data depth	force
产品	Product	force
产品 ID	ProdID	force
产品名称	Product name	force
亲和性	Affinity	force
亲和性(&A)	Affinity	force
仅 IPv6	IPv6-only	force
仅 Microsoft, 	Microsoft only, 	force
仅 PID	Pid Only	force
仅 PID (RPCSS)	Pid Only (RPCSS)	force
仅允许 Microsoft 签名。\r\n	Only Microsoft signatures are allowed.\r\n	force
仅允许 Windows Store 签名。\r\n	Only Windows Store signatures are allowed.\r\n	force
仅允许一个实例	Allow only one instance	force
仅内核线程堆栈	Only kernel thread stacks	force
仅内核访问, 	Kernel only access, 	force
仅单处理器, 	Uni-processor only, 	force
仅子命名空间	Subnamespaces only	force
仅子文件夹及文件	Subfolders and files only	force
仅应用商店, 	Store only, 	force
仅此命名空间	This namespace only	force
仅此文件夹	This folder only	force
仅消息窗口	Window message-only	force
仅用于拒绝	Use for deny only	force
仅用于拒绝, 	Use for deny only, 	force
仅适用于具有相同命令行的进程	Only for processes with the same command line	force
仅限系统进程	System process only	force
今后由客户端确认此类操作？	Let the client confirm this from now on?	force
介质和数据完整性错误	Media and data integrity errors	force
仍在此处询问	Keep asking here	force
从 CD 启动	Boot from CD	force
从 Gen 0 提升的内存	Promoted Memory from Gen 0	force
从 Gen 0 提升的终结化内存	Promoted Finalization-Memory from Gen 0	force
从 Gen 1 提升的内存	Promoted Memory from Gen 1	force
从 KnownDLLs 映像集加载的模块。	Modules loaded from the KnownDLLs image set.	force
从...分离调试器	detach debugger from	force
从下面的列表中选择一个进程。	Select a process from the list below.	force
从不	never	force
从设备检索	Retrieved from device	force
代理	Proxy	force
代理工作周期数	Work on behalf cycles	force
代码	Code	force
代码 	Code 	force
代码, 	Code, 	force
代码入口范围 %lu	Code entry range %lu	force
代码地址范围偏移	Code address range offset	force
代码地址范围数量	Code address range count	force
代码映射	Code map	force
代码映射数量	Code map count	force
代码生成	CodeGen	force
代码范围 %lu	Code range %lu	force
代码范围 %lu AMD64	Code range %lu AMD64	force
代码范围 %lu ARM64	Code range %lu ARM64	force
代码范围 %lu ARM64EC	Code range %lu ARM64EC	force
代码范围 %lu Native	Code range %lu Native	force
代码范围 %lu UNKNOWN (%lu)	Code range %lu UNKNOWN (%lu)	force
代码页	Code page	force
代码页数据	CodePage data	force
令牌	Token	force
令牌 LUID	Token LUID	force
令牌 SDDL	Token SDDL	force
令牌对象路径	Token object path	force
令牌环	Token ring	force
以 UIAccess 创建	Create UIAccess	force
以&当前用户身份运行...	Run as this user...	force
以下服务依赖于该服务：	The following services depend on this service:	force
以太网	Ethernet	force
以字节为单位显示大小	Sizes in bytes	force
以挂起方式创建	Create suspended	force
以段计的头部大小	Size of header in paragraphs	force
任务 ID	Task Id	force
任务栏配置	Taskbar configuration	force
任务：\n	Tasks:\n	force
任意已知 CPU 厂商	any known CPU vendor	force
企业	Enterprise	force
休眠	Hibernate	force
休眠(&H)	Hibernate	force
优先 System32 映像	Prefer system32 images	force
优先级	Priority	force
优先级 (符号)	Priority (symbolic)	force
优先级 0	Priority 0	force
优先级 1	Priority 1	force
优先级 2	Priority 2	force
优先级 3	Priority 3	force
优先级 4	Priority 4	force
优先级 5	Priority 5	force
优先级 6	Priority 6	force
优先级 7	Priority 7	force
优先级提升	Priority boost	force
优先级类	Priority class	force
优先级类别	Limited	force
优化	Optimized	force
优化代码中的符号	symbol in optimized code	force
优雅关闭	Graceful close	force
会话	Session	force
会话 ID	Session ID	force
会话 ID：	Session ID:	force
会话信息	Session information	force
会话名称	Session Name	force
会话属性	Session Properties	force
会话感知	Session aware	force
会话授权	Session grants	force
会话：	Session:	force
传播	Propagate	force
传统	legacy	force
传输中字节	Bytes in flight	force
传输关系	Transport relations	force
传递可用	Delivery available	force
伪流	Pseudo-stream	force
伪静态	Pseudo-static	force
估计往返时间	Estimated round-trip	force
位	Bits	force
位于 %Ix 的进程项: %s (%u)\n	Process item at %Ix: %s (%u)\n	force
位于 %s 的工作队列\n	Work queue at %s\n	force
位于 0x%Ix 的泄漏 (%Iu 字节)。堆栈跟踪:\n	Leak at 0x%Ix (%Iu bytes). Stack trace:\n	force
位于元数据	In MetaData	force
位图	Bitmap	force
位域	BitField	force
位数	Bits	force
位置	Position	force
位置依赖控制流	Location Control Flow Dependent	force
位置信息	Location info	force
位置路径	Location paths	force
低	Low	force
低于标准	Below normal	force
低于正常	Below normal	force
低于正常 (2s)	Below normal (2s)	force
低功耗核	Low-power cores	force
低功耗能效核（LP E-core）	Low-power efficiency core (LP E-core)	force
低强制性标签映像, 	low mandatory label images, 	force
低影响	Low impact	force
低影响时段：%u / %u（%.1f%%）\r\n	Low-impact windows: %u of %u (%.1f%%)\r\n	force
低映像一致性	Low image coherency	force
低电平有效	Active low	force
低矮桌面	Low-profile desktop	force
低谷	Valley	force
低进程映像一致性	Low process image coherency	force
体系结构	Architecture	force
作业	Job	force
作业中的进程：	Processes in job:	force
作业使用峰值	Peak job usage	force
作业关闭时终止	Limited	force
作业内存	Limited	force
作业对象 ID	Job Object ID	force
作业时间	Handles	force
作业进程	Job processes	force
作为包运行...\bCtrl+Shift+P	Run as package...	force
作为包运行...\bCtrl+Shift+P	Run as package...	force
作为数据	As data	force
作为映像	As image	force
作者	Author	force
作者：	Author:	force
使工作线程就绪	Ready worker	force
使用 LM 密码	Used LM password	force
使用 TrustedInstaller 权限创建此任务。	Create this task with TrustedInstaller privileges.	force
使用中	In use	force
使用快照查找窗口	Use snapshot window finder	force
使用旧颜色（黑色背景）	Use old colors (black background)	force
使用率：	Utilization:	force
使用管理员权限创建此任务。	Create this task with Administrative privileges.	force
使用转储存储堆栈	Use dump storage stack	force
使用量	Usage	force
使用默认消息	Use default message	force
供应商	Vendor	force
供应商 ID	Vendor ID	force
供应商症状	Vendor syndrome	force
依赖加载标志	Dependent load flags	force
依赖方	Dependents	force
依赖项	Dependencies	force
依赖项依赖者	Dependency dependents	force
依赖项提供程序	Dependency providers	force
侦听	Listen	force
便携式	Portable	force
便携电池	Portable battery	force
便携设备	Portable device	force
保存	Save	force
保存...	Save...	force
保存...\bCtrl+S	Save...	force
保存...\bCtrl+S	Save...	force
保存以下程序的备注	save a comment against the following program	force
保存位	Save bits	force
保存列集...	Save column set...	force
保存备注	Save a comment against	force
保存证书...	Save certificate...	force
保存资源...	Save resource...	force
保护	Protection	force
保护：	Protection:	force
保持启用	Keep enabled	force
保持活动	Keep alive	force
保持活动计数	Keep alive count	force
保持活动间隔	Keep alive interval	force
保持设备队列	Hold device queue	force
保留	Reserve	force
保留 0	Reserved 0	force
保留 1	Reserved 1	force
保留 Opfilter	Reserve opfilter	force
保留内存	Reserved Memory	force
保留原始	keep original	force
保留托盘图标布局	Persist tray icon layout	force
保留标志 1	Reserved flag 1	force
保留标志 2	Reserved flag 2	force
保留标志 3	Reserved flag 3	force
保留标志 4	Reserved flag 4	force
保留标志 5	Reserved flag 5	force
保留簇数	Reserved clusters	force
保留类型 1	Reserved type 1	force
保留类型 2	Reserved type 2	force
保留类型 4	Reserved type 4	force
保证传递	Guaranteed delivery	force
保证顺序	Guaranteed order	force
信号强度	Signal strength	force
信号量	Semaphore	force
信息	Information	force
修复	Repair	force
修改	Modify	force
修改 ID LUID	ModifiedId LUID	force
修改内存	Modify memory	force
修改启动配置	Modify boot config	force
修改时间	Modified time	force
修改状态	Modify state	force
修改配置	Modify configuration	force
修订版本	Revision	force
值	Value	force
值 %u: %s	Value %u: %s	force
值 (0 = 自动 / 不限)	Value (0 = auto / unlimited)	force
值:	Value:	force
值（每行一个）：	Values (one per line):	force
值：	Value:	force
偏差: %.2f 毫秒	Deviation: %.2f ms	force
偏差: 0.00 毫秒	Deviation: 0.00 ms	force
偏移	Offset	force
停机	Down	force
停止	stop	force
停止(&O)	Stop	force
停止(&T)	Stop	force
停止以下服务	stop the following service	force
停止服务可能会导致系统无法正常运行。	Stopping a service might prevent the system from functioning properly.	force
僵尸进程	Zombie processes	force
僵尸进程：%u\r\n已终止：%u\r\n\r\n	Zombie: %u\r\nTerminated: %u\r\n\r\n	force
允许	Allow	force
允许 (AppContainer)	Allowed (AppContainer)	force
允许 CET 动态 API, 	CET dynamic APIs allowed, 	force
允许 CoInit	Allow CoInit	force
允许 LPC 请求	Allow LPC requests	force
允许个别线程不受动态代码生成限制的约束。\r\n	Allows individual threads to opt out of the restrictions on dynamic code generation.\r\n	force
允许代理程序降低进程的动态代码策略。	Allows a broker to downgrade the dynamic code policy for a process.	force
允许使用在线服务检查文件。	Allows files to be checked with online services.	force
允许列出 WMI 事件订阅	Allow listing WMI event subscriptions	force
允许列出内核驱动程序	Allow listing kernel drivers	force
允许列出命名管道	Allow listing named pipes	force
允许列出图形适配器	Allow listing graphics adapters	force
允许列出对象命名空间	Allow listing the object namespace	force
允许列出已卸载模块	Allow listing unloaded modules	force
允许列出服务	Allow listing services	force
允许列出目录内容	Allow listing directories	force
允许列出窗口	Allow listing windows	force
允许列出终端会话	Allow listing terminal sessions	force
允许列出网络连接	Allow listing network connections	force
允许列出网络适配器	Allow listing network adapters	force
允许列出自启动项	Allow listing autostart entries	force
允许列出计划任务	Allow listing scheduled tasks	force
允许列出设备	Allow listing devices	force
允许列出进程	Allow listing processes	force
允许列出进程内存区域	Allow listing process memory regions	force
允许列出进程句柄	Allow listing process handles	force
允许列出进程模块	Allow listing process modules	force
允许列出进程窗口	Allow listing process windows	force
允许列出进程线程	Allow listing process threads	force
允许在进程中搜索模块	Allow searching processes for modules	force
允许多个实例	Multiple instances allowed	force
允许多句柄属性	Allow multi-handle attributes	force
允许对象复制	Allow object duplication	force
允许应用容器遍历	Allow app container traversal	force
允许扫描隐藏进程	Allow scanning for hidden processes	force
允许按近期活动对进程排序	Allow ranking processes by recent activity	force
允许查找使用文件的进程	Allow finding which processes use a file	force
允许查询地址所属国家	Allow looking up address countries	force
允许查询账户	Allow looking up accounts	force
允许检查 ALPC 端口	Allow inspecting ALPC ports of	force
允许检查内核对象	Allow inspecting kernel objects	force
允许检查可执行映像	Allow inspecting executable images	force
允许模拟	Allow impersonation	force
允许此智能体连接到 System Informer	Allow this agent to connect to System Informer	force
允许沙箱客户端（AppContainer 或低完整性级别）	Allow sandboxed clients (AppContainer or low integrity)	force
允许活动审核节流	Allow activity moderation throttling	force
允许用户为进程和服务添加注释，保存进程优先级和亲和性，高亮特定进程并显示默认折叠的进程。	Allows the user to add comments for processes and services, save process priority and affinity, highlight individual processes and show processes collapsed by default.	force
允许脱离	Limited	force
允许计算文件哈希	Allow hashing files	force
允许读取 GPU 使用率	Allow reading GPU utilization	force
允许读取 SMBIOS 信息	Allow reading SMBIOS information	force
允许读取 System Informer 是否正在运行	Allow reading whether System Informer is running	force
允许读取 TPM 信息	Allow reading TPM information	force
允许读取 UEFI 变量	Allow reading UEFI variables	force
允许读取内存详情	Allow reading memory details	force
允许读取内核池使用情况	Allow reading kernel pool usage	force
允许读取内核驱动程序状态	Allow reading the kernel driver status	force
允许读取处理器布局	Allow reading the processor layout	force
允许读取安全配置	Allow reading the security configuration	force
允许读取对象安全权限	Allow reading object security	force
允许读取文件中的字符串	Allow reading strings out of files	force
允许读取文件元数据	Allow reading file metadata	force
允许读取最近记录的事件	Allow reading recently logged events	force
允许读取最近退出的进程	Allow reading what recently exited	force
允许读取服务详情	Allow reading service details	force
允许读取注册表项	Allow reading registry keys	force
允许读取磁盘品牌与型号	Allow reading disk identity	force
允许读取磁盘性能	Allow reading disk performance	force
允许读取窗口详情	Allow reading window details	force
允许读取系统信息	Allow reading system information	force
允许读取系统历史记录	Allow reading system history	force
允许读取系统环境变量	Allow reading system environment variables	force
允许读取缓存的扫描结论	Allow reading cached scan verdicts	force
允许读取设备资源	Allow reading device resources	force
允许读取进程 GPU 使用情况	Allow reading process GPU usage	force
允许读取进程 I/O 速率	Allow reading process I/O rates	force
允许读取进程历史记录	Allow reading process history	force
允许读取进程备注	Allow reading saved process notes	force
允许读取进程缓解措施	Allow reading process mitigations	force
允许读取进程详情	Allow reading process details	force
允许读取页面文件信息	Allow reading pagefile information	force
允许读取驱动程序与设备对象	Allow reading driver and device objects	force
允许读取驱动程序所见的进程信息	Allow reading the driver's view of a process	force
允许静默脱离	Limited	force
允许非 AppContainer 进程修改调用进程的全部动态代码设置，包括在设置后放宽动态代码限制。\r\n	Allow non-AppContainer processes to modify all of the dynamic code settings for the calling process, including relaxing dynamic code restrictions after they have been set.\r\n	force
允许验证文件签名	Allow verifying file signatures	force
允许，不受限制	Allowed, not restricted	force
允许，受限制	Allowed, restricted	force
元数据写入字节数	Metadata write bytes	force
元数据写入次数	Metadata writes	force
元数据校验和	Metadata checksum	force
元数据磁盘写入次数	Metadata disk writes	force
元数据磁盘读取次数	Metadata disk reads	force
元数据读取字节数	Metadata read bytes	force
元数据读取次数	Metadata reads	force
元素 %s 中 '%c' 后应为 '>'，但第 %d 行遇到的是 '%c'。	Expected '>' after '%c' for element %s, but got '%c' on line %d.	force
元素 %s 第 %d 行中存在孤立的 <。	Bare < in element %s on line %d.	force
元素 %s 第 %d 行的属性 '%s' 缺少值。	Missing value for attribute '%s' in element %s on line %d.	force
元素 <%s/> 第 %d 行应出现 >，但遇到的是 '%c'。	Expected > but got '%c' instead for element <%s/> on line %d.	force
元素中存在孤立的 <。	Bare < in element.	force
先前请求	Previously requested	force
光学传感器	Optical sensor	force
光标句柄	Cursor handle	force
入口点	Entry point	force
入口点代码范围	Code ranges to entry points	force
入口点代码范围数量	Code ranges to entry points count	force
入口点：	Entry point:	force
入站	In	force
入站已启用	Inbound enabled	force
全关联	Full	force
全名: %s	FullName: %s	force
全局	Global	force
全局 IRQ	Global IRQ	force
全局 IRQ 基址	Global IRQ Base	force
全局 PTR	Global PTR	force
全局作用域	Global Scope	force
全局原子	Enabled	force
全局锁	Global lock	force
全局锁定	Global lock	force
全选	Select All	force
全选(&S)	Select all	force
全部	Everything	force
全部, 	All, 	force
全部不选	Deselect all	force
全部写入	Write all	force
全部启用	Enable initialization delay	force
全部展开	Expand all	force
全部恢复默认设置	Reset all to defaults	force
全部折叠	Collapse all	force
全部清空(&A)	Empty all	force
全部禁用	Settings	force
全高	Full height	force
八位字节串	Octet string	force
八路	Eight-way	force
公共	Common	force
公共符号	PublicSymbol	force
公司名称	Company name	force
共享	Shared	force
共享 WS	Shared WS	force
共享 Winsock 上下文	Shared Winsock context	force
共享令牌	Shared token	force
共享内存	Shared memory	force
共享内存:	Shared memory:	force
共享域	SharedDomain	force
共享工作集	Shared WS	force
共享提交	Shared commit	force
共享状态目录：	Shared state directory:	force
共享状态键：	Shared state key:	force
共享等待计数	Waiting shared count	force
共享进程	Share process	force
关于	About	force
关机	shut down	force
关机 (关键)	Shut down (Critical)	force
关机 (原生)	Shut down (Native)	force
关机(&T)	Shut down	force
关联 (0x0)	Associative (0x0)	force
关联 IRP	Associated IRP	force
关联句柄	Associated handle	force
关联性	Associativity	force
关联组件句柄	Associated component handles	force
关键	Critical	force
关键句柄	critical handle(s)	force
关键进程句柄	critical process handle(s)	force
关闭	Close	force
关闭(&L)	Close	force
关闭(&L)\bDel	Close	force
关闭(&L)ࣞl	Closeࣞl	force
关闭中	Closing	force
关闭以下句柄	close the following handle	force
关闭以下网络连接	close the following network connection	force
关闭句柄	Closing the handle	force
关闭句柄可能会导致系统不稳定和数据损坏。	Closing handles may cause system instability and data corruption.	force
关闭句柄可能导致系统不稳定和数据损坏。	Closing handles may cause system instability and data corruption.	force
关闭时不刷新	No flush on close	force
关闭时删除	Delete on close	force
关闭时隐藏	Hide when closed	force
关闭窗口	Close a window of	force
关闭等待	Close wait	force
关闭连接	Closing the connection	force
其他	Other	force
其他增量	Other delta	force
其他字节	Other bytes	force
其他字节增量	Other bytes delta	force
其他字节：	Other bytes:	force
具有 UIAccess 权限的进程。	Processes with UIAccess privileges.	force
具有内置保护级别的进程。	Processes with built-in protection levels.	force
具有后台调度优先级的进程。	Processes with a background scheduling priority.	force
具有完成列表	Has completion list	force
具有能效的进程和线程。	Processes and threads with power efficiency.	force
兼容 ID	Compatible IDs	force
兼容性	Compatibility	force
内存	Memory	force
内存 (节点: 	Memory (Node: 	force
内存保护	Memory Protection	force
内存列表	Memory lists	force
内存区域	the memory region	force
内存卡插槽	Memory card slot	force
内存地址	Memory Address	force
内存带宽	Memory Bandwidth	force
内存控制器	Memory controller	force
内存模块	Memory module	force
内存池表(&L)	Pool Table	force
内存消歧 (SSBD)	Memory disambiguation (SSBD)	force
内存类型	Memory type	force
内存范围	Memory range	force
内存设备	Memory device	force
内存设备数量	Number of memory devices	force
内存设备映射地址	Memory device mapped address	force
内存通道	Memory channel	force
内存错误信息句柄	Memory error information handle	force
内存阵列映射地址	Memory array mapped address	force
内存频率	Memory Frequency	force
内容分发	Content distribution	force
内容布局	Content layout	force
内核 CPU 时间	Kernel CPU time	force
内核堆	Kernel Heap	force
内核增量	Kernel delta	force
内核实时转储	Live kernel dump	force
内核对象, 	Kernel object, 	force
内核工作集	Kernel WS	force
内核时间	Kernel time	force
内核时间 (期间)	Kernel time (period)	force
内核未报告句柄 0x%llx（pid %lu）的对象地址，因此无法将其他句柄与之匹配。未提权的调用方无法获取内核地址。	The kernel did not report an object address for handle 0x%llx in pid %lu, so no other handle can be matched to it. Kernel addresses are withheld from an unelevated caller.	force
内核栈使用率	Kernel stack usage	force
内核模块	Kernel module	force
内核模式	kernel mode	force
内核版本不受支持	Kernel version not supported	force
内核驱动程序尚不支持此内核版本。要获取最新的内核支持，请切换到 Canary 更新通道（帮助 > 检查更新 > Canary > 检查）。	The kernel driver is not yet supported on this kernel version. For the latest kernel support switch to the Canary update channel (Help > Check for updates > Canary > Check).	force
内核驱动程序尚不支持此内核版本。请提交 GitHub issue 并附上 Windows 内核版本以请求支持。	The kernel driver is not yet supported on this kernel version. Request support by submitting a GitHub issue with the Windows Kernel version.	force
内核驱动程序已加载	Kernel driver loaded	force
内置指点设备	Built-in pointing device	force
内联 OOB, 	OOB in line, 	force
内联点	InlineSite	force
内联目标	Inlinee	force
内联目标 ID	Inlinee ID	force
内联目标: 	Inlinee: 	force
内部	Internal	force
内部信息	Internal information	force
内部参考标识	Internal reference designator	force
内部名称：	Internal name:	force
内部状态目录：	Internal state directory:	force
内部状态键：	Internal state key:	force
内部连接器类型	Internal connector type	force
写	Write	force
写 	Write 	force
写保护	Write protected	force
写入	Write	force
写入 DAC	Write DAC	force
写入 EA	Write EA	force
写入, 	Write, 	force
写入, 删除	Write, Delete	force
写入:	Write:	force
写入以下进程的内存转储	write a memory dump of the following process	force
写入其他参数	Write other parameters	force
写入内存	Write memory	force
写入内存转储	Write a memory dump of	force
写入剪贴板	Affinity	force
写入增量	Writes delta	force
写入字节	Write bytes	force
写入字节:	Write bytes:	force
写入字节增量	Write bytes delta	force
写入字节：	Write bytes:	force
写入定义	Write define	force
写入密码参数	Write password parameters	force
写入对象	Write objects	force
写入属性	Write attributes	force
写入所有者	Write owner	force
写入扩展属性	Write extended attributes	force
写入数	Writes	force
写入数据	Write data	force
写入时间	Write time	force
写入映射	Map write	force
写入次数	Writes	force
写入次数增量	Writes delta	force
写入组信息	Write group information	force
写入虚拟内存	VM write	force
写入账户	Write account	force
写入转储文件失败（0x%08x）。	Writing the dump failed (0x%08x).	force
写入速率	Write rate	force
写入首选项	Write preferences	force
写回	Write back	force
写穿透	Write through	force
写通	Write through	force
冬季（1、12 月）	Winter (Jan, Dec)	force
冻结	freeze	force
冻结以下进程	freeze the following process	force
冻结状态在退出 System Informer 后不会保留。	Freezing does not persist after exiting System Informer.	force
准备修复	Ready to Repair	force
准备切换到 Canary 渠道？	Ready to switch to the canary channel?	force
准备切换到 Developer 渠道？	Ready to switch to the Developer channel?	force
准备切换到 Preview 渠道？	Ready to switch to the Preview channel?	force
准备切换到 Release 渠道？	Ready to switch to the release channel?	force
准备切换渠道？	Ready to switch the channel?	force
准备卸载	Ready to Uninstall	force
准备安装更新？	Ready to install update?	force
准备更新	Ready to Update	force
减少工作集	reduce the working set of	force
凭此连接持有的授权允许	allowed by a grant held for this connection	force
出站	Out	force
出站已启用	Outbound enabled	force
出站配额	Outbound quota	force
函数	Function	force
函数 	function 	force
函数参数类型	FunctionArgType	force
函数类型	FunctionType	force
函数表, 	Function table, 	force
函数调试终点	FuncDebugEnd	force
函数调试起点	FuncDebugStart	force
刀片	Blade	force
刀片机箱	Blade enclosure	force
分&析	Analyze	force
分割按钮	SplitButton	force
分区	Partition	force
分区宽度	Partition width	force
分析等待原因	Analyze the wait of	force
分析线程正在等待的对象	analyze what a thread is waiting on	force
分行位置	Partition row position	force
分辨率	Resolution	force
分配增量	Allocs delta	force
分配大小	Allocated Size	force
分配字节数/秒	Allocated Bytes / sec	force
分配数（增量）	Allocations (delta)	force
分配数（总计）	Allocations (total)	force
分配的上下文绑定对象数	# of context bound objects allocated	force
分钟	minutes	force
分隔符	Separator	force
分页	Paged	force
分页 I/O	Paging I/O	force
分页会话 NX	Paged Session NX	force
分页分配数（增量）	Paged allocations (delta)	force
分页分配数（总计）	Paged allocations (total)	force
分页大小	Paged size	force
分页字节数（增量）	Paged bytes (delta)	force
分页字节数（总计）	Paged bytes (total)	force
分页当前数（增量）	Paged current (delta)	force
分页当前数（总计）	Paged current (total)	force
分页池	Paged pool	force
分页池字节	Paged pool bytes	force
分页池字节峰值	Peak paged pool bytes	force
分页释放数（增量）	Paged frees (delta)	force
分页释放数（总计）	Paged frees (total)	force
切换提升权限	Toggle elevation	force
切换桌面	Switch desktop	force
列 %lu (%s)	Column %lu (%s)	force
列出 WMI 事件订阅	list the WMI event subscriptions	force
列出内核对象命名空间	list the kernel object namespace	force
列出内核驱动程序	list kernel drivers	force
列出命名管道	list named pipes	force
列出哪些进程映射了内存节	list which processes map a section	force
列出图形适配器	list the graphics adapters	force
列出已卸载模块	list unloaded modules	force
列出当前登录的用户	list who is logged on	force
列出成员	List members	force
列出文件夹/读取数据	List folder / read data	force
列出服务	list services	force
列出本机安装的设备	list the devices installed on this machine	force
列出桌面上的窗口	list the windows on the desktop	force
列出父目录	Listing the parent directory	force
列出登录会话	List the logon sessions	force
列出目录	Listing the directory	force
列出目录的内容	list the contents of a directory	force
列出组	List groups	force
列出终端服务会话	list the terminal services sessions	force
列出网络连接	list network connections	force
列出网络适配器	list the network adapters	force
列出自启动项	list autostart entries	force
列出计划任务	list the scheduled tasks	force
列出账户	List accounts	force
列出进程	list processes	force
列出进程的内存区域	list the memory regions of processes	force
列出进程的句柄	list the handles of processes	force
列出进程的模块	list the modules of processes	force
列出进程的窗口	list the windows of processes	force
列出进程的线程	list the threads of processes	force
列表	List	force
列表项	ListItem	force
列集名称	Enable single click icons	force
刚刚	in moments	force
创建	Create	force
创建别名	Create alias	force
创建域	Create domain	force
创建子目录	Create subdirectories	force
创建子项	Create subkeys	force
创建实时	Create real-time	force
创建实时会话	Create realtime	force
创建实时内核转储文件	Create live kernel dump file	force
创建实时日志	Create real-time logs	force
创建实时转储...	Create live dump...	force
创建对象	Create objects	force
创建执行必需状态	create execution required state for	force
创建文件/写入数据	Create files / write data	force
创建文件夹/追加数据	Create folders / append data	force
创建日志文件	Create logfile	force
创建时间	Created	force
创建服务	Create service	force
创建服务...	Create service...	force
创建机密	Create secret	force
创建标志	Creation flags	force
创建桌面	Create desktop	force
创建桌面快捷方式	Create desktop shortcut	force
创建特权	Create privilege	force
创建用户	Create user	force
创建磁盘	Create on disk	force
创建磁盘日志	Create on disk logs	force
创建窗口	Create windows	force
创建窗口挂钩	Create window hooks	force
创建线程	Create threads	force
创建组	Create group	force
创建者 ID	Creator ID	force
创建者修订版本	Creator revision	force
创建者进程 ID	Creator process ID	force
创建菜单	Create menus	force
创建账户	Create account	force
创建资源管理器	Create resource manager	force
创建转储文件	Create dump file	force
创建进程	Create processes	force
创建链接	Create links	force
初始 IP 值	Initial IP value	force
初始 SP 值	Initial SP value	force
初始化	Init	force
初始化中	Initializing	force
初始（相对）CS 值	Initial (relative) CS value	force
初始（相对）SS 值	Initial (relative) SS value	force
删除	delete	force
删除\bDel	Delete	force
删除 TCB	Delete TCB	force
删除(&D)	Delete	force
删除ࣞl	Deleteࣞl	force
删除子文件夹及文件	Delete subfolders and files	force
删除子项	Delete child	force
删除应用程序设置	Remove application settings	force
删除挂起	DeletePending	force
删除服务可能会导致系统无法启动或正常运行。	Deleting a service can prevent the system from starting or functioning properly.	force
别名	Alias	force
到达的设备	Arrived devices	force
制造商	Manufacturer	force
制造商属性	Manufacture attributes	force
制造日期	Manufacture date	force
制造模式	Manufacturing mode	force
刷新	Refresh	force
刷新\bF5	Refresh	force
刷新 (F5)	Refresh (F5)	force
刷新ࣵ	Refreshࣵ	force
刷新进程堆	flush the process heap(s) of	force
刷新间隔	Refresh interval	force
刷新间隔状态	Interval status	force
前	 ago	force
前台持续时间	Foreground duration	force
前面板板	Front panel board	force
前面板重启	Front panel reset	force
剪切	Cut	force
功率使用	Power Usage	force
功耗	Power usage	force
功耗:	Power usage:	force
功能	Capabilities	force
功能 0x%lx	feature 0x%lx	force
功能: 	Capability: 	force
功能: %s	Capability: %s	force
功能号	Function number	force
功能性固定硬件	Functional fixed hardware	force
功能键网络启动	Function key network boot	force
加入组	Join group	force
加壳进程	Packed processes	force
加密	Crypto	force
加急数据	Expedited data	force
加载	load	force
加载 DLL 到	load the DLL into	force
加载中...	Loading...	force
加载列集	Load column set	force
加载原因	Load reason	force
加载器堆中的字节数	Bytes in Loader Heap	force
加载失败总数	Total # of Load Failures	force
加载失败速率	Rate of Load Failures	force
加载时间	Load time	force
加载映像	Loading the image	force
加载模块...	Load module...	force
加载计数	Load count	force
加载配置	Load configuration	force
加速数据	Expedited data	force
动态	Dynamic	force
动态代码可降级	Dynamic code downgradable	force
动态代码已禁止	Dynamic code prohibited	force
动态代码已禁止（按线程）	Dynamic code prohibited (per-thread)	force
动态代码（降级）	Dynamic code (downgrade)	force
动态基址, 	Dynamic base, 	force
动态安全	Dynamic security	force
动态对象:\n	Dynamic objects:\n	force
动态已分配: %u\n	Dynamic allocated: %u\n	force
动态计数: %u\n	Dynamic count: %u\n	force
动态转发器依赖	Dynamic forwarder dependency	force
动态重定位	Dynamic Relocations	force
包	Package	force
包: 	Package: 	force
包供应商网站	Package vendor website	force
包名称	Package name	force
包含	Include	force
包含 AVX 状态上下文寄存器	With AVX state context registers	force
包含 Intel 处理器跟踪数据	With Intel processor trace data	force
包含...	Contains...	force
包含专用写时复制内存	With private write-copy memory	force
包含专用读写内存	With private read-write memory	force
包含代码段	With code segments	force
包含令牌信息	With token information	force
包含句柄数据	With handle data	force
包含完整内存	With full memory	force
包含完整内存信息	With full memory info	force
包含完整辅助状态	With full auxiliary state	force
包含已卸载的模块	With unloaded modules	force
包含托管 .NET 代码的模块。	Modules that contain managed .NET code.	force
包含折叠进程的使用率	Include usage of collapsed processes	force
包含数据段	With data segments	force
包含标头	Header included	force
包含模块头	With module headers	force
包含筛选诊断数据	With filter triage data	force
包含线程信息	With thread info	force
包含进程和线程数据	With process and thread data	force
包含间接引用的内存	With indirectly referenced memory	force
包含非必需的虚拟机监控程序页	Include nonessential Hypervisor pages	force
包含（不区分大小写）...	Contains (case-insensitive)...	force
包品牌图标	Package branding icon	force
包图标	Package icon	force
包型号	Package model	force
包描述	Package description	force
包文档	Package documentation	force
北京	Beijing	force
匹配 ID	Matching ID	force
匹配协议零	Matches protocol zero	force
区分大小写	Match Case	force
区分大小写, 	Case-sensitive, 	force
区域	Region	force
区域类型	Region type	force
区域长度	Area length	force
区段	Section	force
区段 - 	Section - 	force
区段大小大于 32 MB。仅前 32 MB 可用。	The section size is greater than 32 MB. Only the first 32 MB will be available.	force
匿名	Anonymous	force
匿名回复: %lu	Anon replies: %lu	force
匿名回复: 0	Anon replies: 0	force
十六路	Sixteen-way	force
半字节	Nibble	force
协议	Protocol	force
单位	Single-bit	force
单位 ECC	Single-bit ECC	force
单元正在初始化	Apartment initializing	force
单击“下一步”继续。如果要选择其他文件夹，请单击“浏览”。	To continue, click Next. If you would like to select a different folder, click Browse.	force
单击“下一步”继续，或单击“取消”退出卸载。	Click Next to continue, or Cancel to exit uninstallation.	force
单击“下一步”继续，或单击“取消”退出安装。	Click Next to continue, or Cancel to exit setup.	force
单击“修复”继续；如果要检查或更改任何设置，请单击“上一步”。	Click Repair to continue, or click Back if you want to review or change any settings.	force
单击“卸载”继续卸载；如果要检查或更改任何设置，请单击“上一步”。	Click Uninstall to continue with the uninstallation, or click Back if you want to review or change any settings.	force
单击“完成”退出安装程序。	Click Finish to exit Setup.	force
单击“更新”继续安装；如果要检查或更改任何设置，请单击“上一步”。	Click Update to continue with the installation, or click Back if you want to review or change any settings.	force
单击“重试”再次尝试，或单击“取消”退出安装程序。	Click Retry to try again, or Cancel to exit Setup.	force
单击关闭退出安装程序。	Click close to exit setup.	force
单击图标切换可见性	Icon click toggles visibility	force
单击托盘图标	Single-click tray icons	force
单击重试再次尝试，或单击关闭退出安装程序。	Click retry to try again or close to exit setup.	force
单向发送	Unidirectional send	force
单向接收	Unidirectional receive	force
单播	Unicast	force
单播 TTL	Unicast TTL	force
单播接口	Unicast interface	force
单线程单元 (STA)	Single threaded (STA)	force
单选按钮	RadioButton	force
占位符, 	Placeholder, 	force
卡总线	Card bus	force
危急	Critical	force
危险标志	Dangerous flag	force
即将开始	just now	force
即插即用设备	PnP Devices	force
卷	Volume	force
卷 %wc:	Volume %wc:	force
卷 %wc: [%s]	Volume %wc: [%s]	force
卷 Trim 字节数	Volume trim bytes	force
卷 Trim 时间	Volume trim time	force
卷 Trim 次数	Volume trim count	force
卷 Trim 跳过字节数	Volume trim skipped bytes	force
卷 Trim 跳过次数	Volume trim skipped count	force
卷分区标识符	Volume partition identifier(s)	force
卷创建时间	Volume creation time	force
卷唯一标识符	Volume unique identifier	force
卷序列号	Volume serial number	force
卷文件系统	Volume file system	force
卷版本	Volume version	force
卸载	unload	force
卸载(&L)	Unload	force
卸载(&U)	Uninstall	force
卸载(&U)\bDel	Unload	force
卸载(&U)ࣞl	Unloadࣞl	force
卸载失败，发生错误。	Uninstall failed with an error.	force
卸载模块可能会导致进程崩溃。	Unloading a module may cause the process to crash.	force
卸载模块可能会导致进程崩溃。注意：此功能在您的 Windows 版本上可能无法正常工作，某些程序可能会限制访问或封禁您的账户。	Unloading a module may cause the process to crash. NOTE: This feature may not work correctly on your version of Windows and some programs may restrict access or ban your account.	force
卸载程序	Uninstaller	force
卸载设备失败。	Failed to uninstall the device.	force
卸载驱动程序可能会导致系统不稳定。	Unloading a driver may cause system instability.	force
厂商ID	Vendor ID	force
压缩内存页	Compress memory pages	force
压缩内存：	Compressed memory: 	force
原始	Raw	force
原始 0x%lx	original 0x%lx	force
原始保护	Original protection	force
原始值	Raw	force
原始值 (十六进制)	Raw (Hex)	force
原始到达接口	Original arrival interface	force
原始名称	Original name	force
原始数据	Raw data	force
原始设备可用	Raw device ok	force
原始页	Original pages	force
原生	Native	force
原生模块	Native modules	force
原生窗口句柄	Native Window Handle	force
参数	Param	force
参考标识	Reference designation	force
友元	Friend	force
友好名称	Friendly name	force
友好名称属性	Friendly name attributes	force
双位	Double-bit	force
双击项目进行更改。	Double-click an item to change it.	force
双向	BI	force
双工	Duplex	force
反恶意软件	Antimalware	force
发布日期	Release date	force
发生未知错误。	An unknown error occurred.	force
发送	Send	force
发送 Ping	Send pings to	force
发送:	Send:	force
发送关闭, 	Send shutdown, 	force
发送到(&D)	Send to	force
发送增量	Sends delta	force
发送字节	Send bytes	force
发送字节:	Send bytes:	force
发送字节增量	Send bytes delta	force
发送数	Sends	force
发送数增量	Sends delta	force
发送文件哈希至 Hybrid Analysis	Send a file hash to Hybrid Analysis	force
发送文件哈希至 VirusTotal	Send a file hash to VirusTotal	force
发送方受限字节	Sender-limited bytes	force
发送方受限时间	Sender-limited time	force
发送方受限次数	Sender-limited episodes	force
发送消息	SendMessage	force
发送消息...	Send message...	force
发送窗口	Send window	force
发送窗口大小	Send window size	force
发送缓冲区大小	Send buffer size	force
发送超时	Send timeout	force
发送速率	Send rate	force
取得所有权	Take ownership	force
取消	Cancel	force
取消 I/O	Cancel the I/O of	force
取消 I/O(&N)	Cancel I/O	force
取消以下线程的同步 I/O	cancel the synchronous I/O of the following thread	force
取消提交	decommit	force
取消提交内存区域可能会导致进程崩溃。\r\n\r\n某些程序在取消提交进程内存时也可能会限制访问或封禁您的账户。	Decommitting memory regions may cause the process to crash.\r\n\r\nSome programs may also restrict access or ban your account when decommitting the memory of the process.	force
取消映射	unmap	force
取消映射节视图可能会导致进程崩溃。	Unmapping a section view may cause the process to crash.	force
取消映射节视图可能会导致进程崩溃。\r\n\r\n某些程序在取消映射进程内存时也可能会限制访问或封禁您的账户。	Unmapping a section view may cause the process to crash.\r\n\r\nSome programs may also restrict access or ban your account when unmapping the memory of the process.	force
受保护	Protected	force
受保护(&P)	Protected	force
受保护, 继承	Protected, Inherit	force
受保护不被关闭的句柄。	Handles that are protected from being closed.	force
受保护的句柄	Protected handles	force
受保护的进程	Protected processes	force
受信任	Trusted	force
受信任的平台模块	Trusted Platform Module	force
受句柄对象回调保护的进程。	Processes that are protected by handle object callbacks.	force
受约束	Constrained	force
受防护的 memcpy, 	Guarded memcpy, 	force
受限	Restricted	force
受限页面合并	Restricted page combining	force
变更日志	Changelog	force
变量：%s\r\nGUID: %s\r\n数据长度：%I64u	Variable: %s\r\nGUID: %s\r\nData length: %I64u	force
句柄	Handle	force
句柄 0x%Ix (%s)，位于 %s	handle 0x%Ix (%s) in %s	force
句柄 0x%llx 是 %s 句柄，而非 %s。请重新列出句柄后重试。	Handle 0x%llx is a %s handle, not %s. Re-list the handles and try again.	force
句柄 0x%llx（位于 pid %lu）是 %s 句柄，而非 ALPC Port。	Handle 0x%llx in pid %lu is a %s handle, not an ALPC Port.	force
句柄 0x%llx（位于 pid %lu）是 %s 句柄，而非 Section。	Handle 0x%llx in pid %lu is a %s handle, not a Section.	force
句柄 0x%lx (%s)：%s	Handle 0x%lx (%s): %s	force
句柄 0x%lx：(查询句柄时出错)	Handle 0x%lx: (error querying handle)	force
句柄(&H)\bCtrl+H	Handles	force
句柄(&H)\bCtrl+H	Handles	force
句柄值	Handle value	force
句柄创建（桌面）	Handle Create (Desktop)	force
句柄创建（线程）	Handle Create (Thread)	force
句柄创建（进程）	Handle Create (Process)	force
句柄复制（桌面）	Handle Duplicate (Desktop)	force
句柄复制（线程）	Handle Duplicate (Thread)	force
句柄复制（进程）	Handle Duplicate (Process)	force
句柄峰值	Peak handles	force
句柄快照	Handle snapshots	force
句柄数	Handles	force
句柄数：	Handles: 	force
句柄统计	Handle Statistics	force
句柄表不可访问	HandleTableNoAccess	force
句柄计数	Handle count	force
只能关闭已建立的 TCP 连接。	Only an established TCP connection can be closed.	force
只读	Read only	force
只读设备	Read only device	force
可丢弃, 	Discardable, 	force
可信平台模块(&T)	Trusted Platform Module	force
可共享 WS	Shareable WS	force
可共享, 	Shareable, 	force
可共享工作集	Shareable WS	force
可写, 	Writeable, 	force
可写锁定	Write lockable	force
可升级	Upgradeable	force
可变元数据	Volatile Metadata	force
可变元数据指针	Volatile metadata pointer	force
可增长, 	Growable, 	force
可执行, 	Executable, 	force
可执行文件 (*.exe)	Executable files (*.exe)	force
可执行文件 (*.exe;*.cmd;*.bat)	Executable files (*.exe;*.cmd;*.bat)	force
可执行文件 (*.exe;*.dll;*.com;*.ocx;*.sys;*.scr;*.cpl;*.ax;*.acm;*.lib;*.winmd;*.mui;*.mun;*.efi;*.pdb)	Executable files (*.exe;*.dll;*.com;*.ocx;*.sys;*.scr;*.cpl;*.ax;*.acm;*.lib;*.winmd;*.mui;*.mun;*.efi;*.pdb)	force
可执行文件 (*.exe;*.pif;*.com;*.bat;*.cmd)	Executable files (*.exe;*.pif;*.com;*.bat;*.cmd)	force
可执行文件 (*.exe;*.sys)	Executable files (*.exe;*.sys)	force
可执行文件有时会被“加壳”以减小体积。	Executables are sometimes \"packed\" to reduce their size.	force
可执行文件（全局）	Executable (Global)	force
可执行页	Execute pages	force
可拆卸	Removable	force
可拆卸式	Detachable	force
可更新	Updatable	force
可替换	Replaceable	force
可清除, 	Purgeable, 	force
可清除锁定	Clear lockable	force
可点击点	Clickable Point	force
可用	Available	force
可用内存	Memory available	force
可用备用空间	Available spare	force
可用备用空间低于阈值	Available spare is below threshold	force
可用备用空间阈值	Available spare threshold	force
可用工具栏按钮：	Available toolbar buttons:	force
可用物理内存	Free physical memory	force
可用物理内存：	Free memory: 	force
可用状态栏条目：	Available status bar entries:	force
可用空间查询	Free space query	force
可用语言数量	Number of languages available	force
可由用户操作关联	Associateable by user action	force
可移动	Removable	force
可移动介质	Removable media	force
可移动介质从交换文件运行, 	Removable run from swap, 	force
可等待	Waitable	force
可纠正错误	Correctable errors	force
可继承的句柄	Inheritable handles	force
可缩放整数对	ScalableIntegerPair	force
可能的值：\r\n\r\n0x01 - PAGE_NOACCESS\r\n0x02 - PAGE_READONLY\r\n0x04 - PAGE_READWRITE\r\n0x08 - PAGE_WRITECOPY\r\n0x10 - PAGE_EXECUTE\r\n0x20 - PAGE_EXECUTE_READ\r\n0x40 - PAGE_EXECUTE_READWRITE\r\n0x80 - PAGE_EXECUTE_WRITECOPY\r\n修饰符：\r\n0x100 - PAGE_GUARD\r\n0x200 - PAGE_NOCACHE\r\n0x400 - PAGE_WRITECOMBINE\r\n	Possible values:\r\n\r\n0x01 - PAGE_NOACCESS\r\n0x02 - PAGE_READONLY\r\n0x04 - PAGE_READWRITE\r\n0x08 - PAGE_WRITECOPY\r\n0x10 - PAGE_EXECUTE\r\n0x20 - PAGE_EXECUTE_READ\r\n0x40 - PAGE_EXECUTE_READWRITE\r\n0x80 - PAGE_EXECUTE_WRITECOPY\r\nModifiers:\r\n0x100 - PAGE_GUARD\r\n0x200 - PAGE_NOCACHE\r\n0x400 - PAGE_WRITECOMBINE\r\n	force
可被子进程继承的句柄。	Handles that can be inherited by child processes.	force
可见	Visible	force
可见性	Visibility	force
可见项数	Number of visible items	force
可见项数：	Visible: 	force
可见项数：N/A	Visible: N/A	force
可警报	alertable	force
可设置密码	Password can set	force
可读, 	Readable, 	force
可读数据	Read data available	force
可读锁定	Read lockable	force
可跟踪, 	Traceable, 	force
可转换式	Convertible	force
可选启动	Selectable boot	force
可选头	Optional Header	force
可通过专有更新配置	Configurable via proprietary update	force
可通过固件更新配置	Configurable via firmware update	force
可通过软件更新配置	Configurable via software update	force
可重现哈希	Reproducible hash	force
可靠传递消息	Reliably-delivered message	force
右值引用	RValue Reference	force
右端	Right Edge	force
合并内存页(&C)	Combine memory pages	force
合成渲染次数	Composition rendered	force
合成脏区传播次数	Composition dirty propagated	force
合成脏区生成次数	Composition dirty generated	force
同步	Synchronous	force
同步 I/O	Sync I/O	force
同步 I/O（警报）	Sync I/O alert	force
同步事件	Synchronization	force
同步警报	Synchronous alert	force
同步非警报	Synchronous non-alert	force
同级	Siblings	force
名称	Name	force
名称:	Name:	force
名称: %s\n	Name: %s\n	force
名称: %s\r\n函数: %hs\r\n模块: %hs	Name: %s\r\nFunction: %hs\r\nModule: %hs	force
名称: %s\r\n序号: %u\r\n模块: %hs	Name: %s\r\nOrdinal: %u\r\nModule: %hs	force
名称类型	Name type	force
名称，无前缀	Name, no prefix	force
名称，未修饰	Name, undecorate	force
名称：	Name:	force
后台进程	Background processes	force
后续失败：	Subsequent failures:	force
后面板板	Back panel board	force
向 whois 服务器查询以下地址	query whois servers about the following address	force
向上滚动	Scroll Up	force
向上翻页	Page Up	force
向下滚动	Scroll Down	force
向下翻页	Page Down	force
向以下地址发送 ICMP 回显请求	send ICMP echo requests to the following address	force
向右滚动	Scroll Right	force
向右翻页	Page Right	force
向左滚动	Scroll Left	force
向左翻页	Page Left	force
向量类型	VectorType	force
向驱动程序查询进程状态	Querying the driver for the process state	force
否	No	force
否 (受限)	No (Limited)	force
否 (完全)	No (Full)	force
否 (默认)	No (Default)	force
含 Alloca	Has Alloca	force
含 EH	Has EH	force
含 LongJump	Has Long Jump	force
含 SetJump	Has Set Jump	force
含内联汇编	Has Inline Asm	force
含安全检查	Has Security Checks	force
含控制流检查	Has Control Flow Check	force
启动	start	force
启动 System Informer	Start System Informer	force
启动(&R)	Start	force
启动(&S)	Start	force
启动以下服务	start the following service	force
启动任务管理器	Start Task Manager	force
启动体系结构标志	Boot architecture flags	force
启动哈希计算	Starting the hash	force
启动器	Launcher	force
启动图形资源表 (BGRT)	Boot Graphics Resource Table (BGRT)	force
启动延迟（秒）：	Startup delay (seconds):	force
启动性能监视器	Start Performance Monitor	force
启动日志条目	Boot log entry	force
启动日志问题	Boot log problem	force
启动时折叠服务	Collapse services on start	force
启动时间	Start time	force
启动时间：	Started:	force
启动时隐藏	Start hidden	force
启动服务可能会导致系统无法正常运行。	Starting a service might prevent the system from functioning properly.	force
启动状态	Boot-up state	force
启动类型	Start type	force
启动类型 %s	start type %s	force
启动类型：	Start type:	force
启动资源监视器	Start Resource Monitor	force
启动配置日志	Boot Configuration Log	force
启动配置日志(&L)	Boot Configuration Log	force
启动键	Start key	force
启用	enable	force
启用 AVX 扩展（实验性）	Enable AVX extensions (experimental)	force
启用 FPS 监视	Enable FPS monitoring	force
启用 GPU 监视	Enable GPU monitoring	force
启用 GUID	Enable GUIDs	force
启用 NPU 监视	Enable NPU monitoring	force
启用 Windows 子系统 for Linux 支持	Enable Windows Subsystem for Linux support	force
启用(&E)	Enable	force
启用“以管理员身份启动”选项	Enabling the 'start as admin' option	force
启用不可映射字符异常, 	ThrowOnUnmappableChar enabled, 	force
启用主题支持	Enable theme support	force
启用主题支持（实验性）	Enable theme support (experimental)	force
启用以管理员身份启动（实验性）	Enable start as admin (experimental)	force
启用低延迟模式（实验性）	Enable low-latency mode (experimental)	force
启用内核模式驱动	Enable kernel-mode driver	force
启用列剩余空间调整大小	Enable column remaining space resize	force
启用列标题汇总（实验性）	Enable column header totals (experimental)	force
启用初始化延迟	Enable all	force
启用单击图标	Column Set Name	force
启用各进程 GPU 适配器统计	Enable per-process GPU adapter statistics	force
启用固定图形缩放（实验性）	Enable fixed graph scaling (experimental)	force
启用图标	Enable icons	force
启用基于周期的 CPU 使用率	Enable cycle-based CPU usage	force
启用大工具栏图标	Enable large toolbar icons	force
启用完成列表	Enable completion list	force
启用工具栏	Enable toolbar	force
启用工具栏菜单栏	Enable toolbar menu bar	force
启用或禁用以下设备	enable or disable the following device	force
启用或禁用进程虚拟化可能会改变其功能并产生不良影响。	Enabling or disabling virtualization for a process may alter its functionality and produce undesirable effects.	force
启用托盘信息窗口	Enable tray information window	force
启用扩展 TCP 统计	Enable extended TCP statistics	force
启用扫描	Enable scanning	force
启用持久布局	Notifications	force
启用提供程序 GUID	Enable provider GUIDs	force
启用插件	Enable plugins	force
启用搜索框自动聚焦	Enable auto focus to search box	force
启用新的内存字符串对话框	Enable new memory strings dialog	force
启用旧版属性窗口	Enable legacy properties window	force
启用最佳匹配, 	Bestfit enabled, 	force
启用未修饰符号	Enable undecorated symbols	force
启用状态栏	Enable status bar	force
启用现代图标	Enable modern icons	force
启用直播模式（禁止窗口捕获）（实验性）	Enable streamer mode (disable window capture) (experimental)	force
启用磁盘和网络图形	Enable Disk and Network graphs	force
启用磁盘和网络监视	Enable Disk and Network monitoring	force
启用等宽字体	Enable monospace fonts	force
启用视图边框	Enable view borders	force
启用警告	Enable warnings	force
启用设备	Enabling the device	force
启用账户	Enable account	force
启用进程监视器（实验性）	Enable process monitor (experimental)	force
启用透明图标	Enable transparent icons	force
启用隐藏选项前，您需要至少启用一个托盘图标（查看菜单 > 托盘图标）。	You need to enable at minimum one tray icon (View menu > Tray Icons) before enabling the hide option.	force
呈现持续时间	Present duration	force
呈现间隔	Present interval	force
周	Weeks	force
周期	Cycles	force
周期增量	Cycles delta	force
周期数	Cycles	force
周期数: 低/后台内核	Cycles: low/background kernel	force
周期数: 低/后台用户	Cycles: low/background user	force
周期数: 正常内核	Cycles: normal kernel	force
周期数: 正常用户	Cycles: normal user	force
周期数: 高/前台内核	Cycles: high/foreground kernel	force
周期数: 高/前台用户	Cycles: high/foreground user	force
周期数: 高于正常内核	Cycles: above normal kernel	force
周期数: 高于正常用户	Cycles: above normal user	force
周期数增量	Cycles delta	force
命令:\nexit\ntestperf\ntestlocks\nstats\nobjects [type-name-filter]\nobjtrace object-address\nobjmksnap\nobjcmpsnap\nobjmknew\nobjdelnew\nobjviewnew\ndumpobj\ndumpautopool\nthreads\nprovthreads\nworkqueues\nprocrecords\nprocitem\nuniquestr\nenableleakdetect\nleakdetect\nmem\n	Commands:\nexit\ntestperf\ntestlocks\nstats\nobjects [type-name-filter]\nobjtrace object-address\nobjmksnap\nobjcmpsnap\nobjmknew\nobjdelnew\nobjviewnew\ndumpobj\ndumpautopool\nthreads\nprovthreads\nworkqueues\nprocrecords\nprocitem\nuniquestr\nenableleakdetect\nleakdetect\nmem\n	force
命令行	Command line	force
命令行选项：	Command line options:	force
命令行：	Command line:	force
命令：	Command:	force
命名空间	Namespace	force
命名空间引用	UsingNamespace	force
命名管道	Named Pipes	force
命名管道(&N)	Named Pipes	force
哈希	Hash	force
哈希 (原始)：	Hash (raw):	force
哈希函数: %s\n	Hash function: %s\n	force
哈希无效	Invalid hash	force
哈希检查失败。	Hash check failed.	force
哈希检查失败。点击“重试”以重新下载该更新。	Hash check failed. Click Retry to download the update again.	force
哈希检查失败。点击“重试”以重新下载该渠道。	Hash check failed. Click Retry to download the channel again.	force
哈希：	Hash:	force
响应时间	Response time	force
响应时间 (ms)	Response time (ms)	force
唤醒	Wake	force
唤醒策略 (1)	Wake policy (1)	force
唤醒策略 (2)	Wake policy (2)	force
唤醒策略 (3)	Wake policy (3)	force
唤醒类型	Wake-up type	force
唤醒设备	Wakeup device	force
唯一	Unique	force
唯一 ID	Unique ID	force
商店应用	StoreApp	force
四川	Sichuan	force
四路	Four-way	force
回滚	Rollback	force
回退语言偏移	FallbackLanguageOffset	force
回退语言长度	FallbackLanguageLength	force
因作业限制而终止	Terminated due to job limits	force
固件	Firmware	force
固件 ACPI 控制结构 (FACS)	Firmware ACPI Control Structure (FACS)	force
固件供应商	Firmware vendor	force
固件修订	Firmware revision	force
固件唤醒向量	Firmware waking vector	force
固件唤醒向量 (64 位)	Firmware waking vector (64-bit)	force
固件日期	Firmware date	force
固件检测到硬件故障	Firmware detected hardware failure	force
固件清单	Firmware inventory	force
固件版本	Firmware version	force
固件禁用	Disabled by firmware	force
固件表	Firmware Table	force
固件表(&W)	Firmware Table	force
固件语言	Firmware language	force
固定	Pin	force
固定 ACPI 描述表 (FADT)	Fixed ACPI Description Table (FADT)	force
固定对象数	# of Pinned Objects	force
国家	Country	force
国家/地区	Country	force
图像	Image	force
图像类型	Image type	force
图元文件	Metafile	force
图元文件 DC	Metafile DC	force
图形	Graphs	force
图形优先级...	Graphics priority...	force
图形历史长度：	Graph history length:	force
图形布局	Graph layout	force
图形设备	Graphics Devices	force
图标进程数：	Icon processes:	force
图标：	Icon:	force
图表	Graphs	force
在 %s (%lu) 中引用 %s 的服务：	Services referencing %s in %s (%lu):	force
在 Github 上查看	View on Github	force
在 WOW64 下运行的进程，即 32 位进程。	Processes running under WOW64, i.e. 32-bit.	force
在下方粘贴密钥：	Paste the key below:	force
在主窗口前显示更新提示	Show update prompt before main window	force
在以下类型的内存区域中搜索：	Search in the following types of memory regions:	force
在允许智能体连接前询问	Ask before allowing an agent to connect	force
在内存列表中高亮 CFG 位图页。	Highlight CFG bitmap pages in the Memory list.	force
在内存列表中高亮专用页。	Highlight private pages in the Memory list.	force
在内存列表中高亮可执行页。	Highlight executable pages in the Memory list.	force
在内存列表中高亮系统映像页。	Highlight system image pages in the Memory list.	force
在启用 UAC 的系统上具有完全权限的进程。	Processes with full privileges on a system with UAC enabled.	force
在安全位置（例如 Program Files）之外运行 System Informer 时，不建议执行%s。\r\n\r\n是否确定要继续？	%s is not recommended when running System Informer from outside a secure location (e.g. Program Files).\r\n\r\nAre you sure you want to continue?	force
在所有进程中搜索句柄	Search every process for handles	force
在所有进程中搜索已加载的模块	search every process for a loaded module	force
在所有进程中搜索指向某对象的句柄	search every process for handles to an object	force
在摘要视图中显示提交数而非物理内存	Show commit charge instead of physical memory in summary view	force
在此处粘贴许可证密钥：	Paste the license key here:	force
在此时间后重新启动计算机：	Restart the computer after:	force
在此粘贴许可证密钥：	Paste the license key here:	force
在此粘贴账户 ID：	Paste the account id here:	force
在此进程中加载非系统字体将触发 ETW 事件。\r\n	Loading a non-system font in this process will trigger an ETW event.\r\n	force
在环境页面中高亮 CMD 风格环境变量。	Highlight CMD-style environment variables in the Environment page.	force
在环境页面中高亮用户环境变量。	Highlight user environment variables in the Environment page.	force
在环境页面中高亮系统环境变量。	Highlight system environment variables in the Environment page.	force
在环境页面中高亮进程环境变量。	Highlight process environment variables in the Environment page.	force
在线搜索(&O)\bCtrl+M	Search online	force
在线搜索(&O)\bCtrl+M	Search online	force
在线检查	OnlineChecks	force
在线检查(&O)	Online Checks	force
在线程列表中高亮 GUI 线程。	Highlight GUI threads in the Threads list.	force
在线程列表中高亮已挂起的线程。	Highlight suspended threads in the Threads list.	force
在线程列表中高亮延迟执行等待。	Highlight delay-execution waits in the Threads list.	force
在线程列表中高亮执行体等待。	Highlight executive waits in the Threads list.	force
在线程列表中高亮按线程 ID 警报等待。	Highlight alert-by-thread-ID waits in the Threads list.	force
在线程列表中高亮用户请求等待。	Highlight user-request waits in the Threads list.	force
在线程列表中高亮队列等待。	Highlight queue waits in the Threads list.	force
在设备管理器中隐藏	Hidden from device manager	force
在重启前对所有连接使用此答复	Use this answer for all connections until restart	force
地址	Address	force
地址族	Address family	force
地址最低位	LS-bit for address	force
地址类型	Address type	force
地址补零	Zero pad addresses	force
地址零填充	Zero pad addresses	force
场景装配	Scene Assembly	force
块	Block	force
块可访问持久	Block-accessible persistent	force
垂直	Vertical	force
型号	Model	force
型号 %lu	model %lu	force
型号 %lu 扩展型号 %lu	model %lu ext model %lu	force
型号 0x%02lX (%lu:%lu)	model 0x%02lX (%lu:%lu)	force
型号 ID	Model ID	force
型号部件编号	Model part number	force
域	Domain	force
域: 加入	Domain: Join	force
域: 未知	Domain: Unknown	force
域: 离开	Domain: Leave	force
域加入	Domain join	force
基名称	Base name	force
基址	Base address	force
基址重定位	Base relocation	force
基接口	BaseInterface	force
基本优先级	Base priority	force
基本优先级 (实际)	Base priority (actual)	force
基本信息	Basic information	force
基板	Baseboard	force
基础容器 ID	Base container ID	force
基类	BaseClass	force
基类型	BaseType	force
堆	Heap	force
堆 - 	Heaps - 	force
堆...	Heaps...	force
堆分配点	HeapAllocationSite	force
堆大小	Heap size	force
堆栈	Stack	force
堆栈 - 线程 %lu	Stack - thread %lu	force
堆栈保护	Stack protection	force
堆栈参数 #1	Stack parameter #1	force
堆栈参数 #2	Stack parameter #2	force
堆栈参数 #3	Stack parameter #3	force
堆栈参数 #4	Stack parameter #4	force
堆栈地址	Stack address	force
堆栈遍历深度	Stack Walk Depth	force
塔式	Tower	force
增强图元文件	Enhanced Metafile	force
增强虚拟化	Enhanced virtualization	force
增量	Deltas	force
声卡	Sound	force
声明	System	force
处于关闭回调中	In shutdown callbacks	force
处于标记	At mark	force
处于激活筛选器中	In activation filter	force
处理器	CPU	force
处理器 APIC (节点: 	Processor APIC (Node: 	force
处理器 I/O 模块	Processor I/O module	force
处理器 ID	Processor ID	force
处理器内存模块	Processor memory module	force
处理器卡插槽	Processor card slot	force
处理器本地 APIC	Processor local APIC	force
处理器本地 x2APIC	Processor local x2APIC	force
处理器模块	Processor module	force
处理器相关性	Write clipboard	force
处理器相关性控制线程允许在哪些 CPU 上执行。	Affinity controls which CPUs threads are allowed to execute on.	force
处理器附加	Processor additional	force
处理程序	Handler	force
处置：	Disposition: 	force
处置：已创建	Disposition: Created	force
处置：已打开	Disposition: Opened	force
备份意图	Backup intent	force
备注：\n	Notes:\n	force
备用	Standby	force
备用入口点	Alternate entry point	force
复制	Copy	force
复制\bCtrl+C	Copy	force
复制 \"	Copy \"	force
复制 \"%s\"	Copy \"%s\"	force
复制(&C)	Copy	force
复制(&C)\bCtrl+C	Copy	force
复制(&C)\bCtrl+C	Copy	force
复制\bCtrl+C	Copy	force
复制句柄	Duplicate handles	force
复制完整名称(&F)\bCtrl+Alt+C	Copy full name	force
复制完整名称(&F)\bCtrl+Alt+C	Copy Full Name	force
复制对象地址(&A)\bCtrl+Shift+C	Copy object address	force
复制对象地址(&A)\bCtrl+Shift+C	Copy Object Address	force
复选框	CheckBox	force
夏季（7-8 月）	Summer (Jul-Aug)	force
外形规格	Form factor	force
外设	Peripheral	force
外设仓	Peripheral bay	force
外部	External	force
外部参考标识	External reference designator	force
外部参考类型	External reference type	force
外部时钟	External clock	force
多 APIC 描述表 (APIC)	Multiple APIC Description Table (APIC)	force
多位	Multi-bit	force
多位 ECC	Multi-bit ECC	force
多播 TTL	Multicast TTL	force
多播接口	Multicast interface	force
多播环回	Multicast loopback	force
多条目	Multiple entries	force
多核	Multi-core	force
多点控制叶	Multipoint control leaf	force
多点控制平面	Multipoint control plane	force
多点控制根	Multipoint control root	force
多点数据叶	Multipoint data leaf	force
多点数据平面	Multipoint data plane	force
多点数据根	Multipoint data root	force
多系统	Multi-system	force
多线程单元 (MTA)	Multi threaded (MTA)	force
大内存范围	Large memory range	force
大图标句柄	Large icon handle	force
大地址感知, 	Large address aware, 	force
大块分配 (%s)	Large Allocations (%s)	force
大型池分配	Large Pool Allocations	force
大对象堆大小	Large Object Heap Size	force
大小	Size	force
大小 (KB) [周期]	size (KB) [cycles]	force
大小: %s (证书数: %s)	Size: %s (Certs: %s)	force
大小：	Size: 	force
大小：%s	Size: %s	force
大页, 	PageSizeLarge, 	force
天	days	force
失败 (%S)	failed (%S)	force
失败关键, 	Fail critical, 	force
失败计数重置时间：	Reset fail count after:	force
头信息	Headers	force
头部备用空间	Header spare	force
头部校验和	Header checksum	force
头部起始偏移	Header start offset	force
奇偶校验	Parity	force
套接字	Socket	force
套接字 I/O	Socket I/O	force
套接字状态	Socket state	force
套接字类型	Socket type	force
套接字级选项	Socket-level options	force
如果此服务失败，该计算机将重新启动。\n此服务不支持恢复操作。	If this service fails, the computer will restart.\nRecovery actions are not supported for this service.	force
如果继续，它们将被移除。	If you continue, they will be removed.	force
如果该进程结束，操作系统将立即关闭。	If the process ends, the operating system will shut down immediately.	force
如果进程结束，操作系统将立即关闭。	If the process ends, the operating system will shut down immediately.	force
如果选择“否”，设置系统将无法正常运行。	If you select \"No\", the settings system will not function properly.	force
始终显示	Always show	force
始终置顶	Always on top	force
始终询问	Always ask	force
委托给客户端	Delegate to client	force
委托给客户端时使用客户端的提示。“从不询问”则不会弹出询问。	Delegate to client uses the client's prompt. Not required never asks.	force
委派	Delegation	force
子机箱	Sub chassis	force
子板	Daughter	force
子窗口	Children	force
子类型：	Subtype:	force
子系统	Subsystem	force
子系统控制器产品 ID	Subsystem controller product ID	force
子系统控制器制造商 ID	Subsystem controller manufacturer ID	force
子系统版本	Subsystem version	force
子系统进程	Subsystem process	force
子级	Child	force
子认证会话密钥	Subauth session key	force
子设备 ID 无效	Child with invalid ID	force
子进程	Subprocesses	force
子进程创建已禁用	Child process creation disabled	force
子项	Children	force
字体	Font	force
字体...	Font...	force
字体名：%s，高度：%d	Face: %s, Height: %d	force
字符 0x%04x 的 UTF-8 序列无效。	Invalid UTF-8 sequence for character 0x%04x.	force
字符串	String	force
字符串 #	String #	force
字符串...	Strings...	force
字符串/序号	String/Ordinal	force
字符串属性	String property	force
字符串搜索	String Search	force
字符串数量	Number of strings	force
字节可访问持久	Byte-accessible persistent	force
字节增量	Bytes delta	force
字节数必须小于或等于 256。\n	Number of bytes must be 256 or smaller.\n	force
字节数（增量）	Bytes (delta)	force
字节数（总计）	Bytes (total)	force
存储保留 ID	StorageReserveId	force
存储可移动	Storage portable	force
存储可移动媒体	Storage removable media	force
存储磁盘分区编号	Storage disk partition number	force
存储磁盘编号	Storage disk number	force
存储系统关键	Storage system critical	force
存在	Present	force
存在 MOTW	MOTW present	force
存在 Retpoline, 	Retpoline present, 	force
存在帧指针	Frame Pointer Present	force
存在问题	Has problem	force
存根哈希	Stub hash	force
存根大小	Stub size	force
存根数	# of Stubs	force
存根熵	Stub entropy	force
存档	Archive	force
安全	Security	force
安全 	Secure 	force
安全 (IUM)	Secure (IUM)	force
安全 Cookie	Security cookie	force
安全 ID	SecurityId	force
安全(&R)	Security	force
安全(&S)	Security	force
安全(&S)\bCtrl+Enter	Security	force
安全(&S)\bEnter	Security	force
安全(&S)\bCtrl+Enter	Security	force
安全(&S)nter	Securitynter	force
安全信息	Security information	force
安全打开	Secure open	force
安全描述符	Security descriptor	force
安全描述符（二进制）	Security descriptor (binary)	force
安全状态	Security state	force
安全移除要求覆盖	Save removal required override	force
安全策略失败	Security policy failure	force
安全策略检查失败	Security policy failure	force
安全设备	Secure device	force
安全违规	Security violation	force
安装	Install	force
安装后进行中	Post install in progress	force
安装失败	Setup Failed	force
安装失败。	Installation failed.	force
安装失败，发生错误。	Setup failed with an error.	force
安装完成	Installation Complete	force
安装完成。	Installation complete.	force
安装状态	Install state	force
安装程序	Installer	force
安装程序将把 System Informer 安装到以下文件夹。	Setup will install System Informer into the following folder.	force
安装程序已准备好从该计算机中移除 System Informer。	Setup is ready to remove System Informer from your computer.	force
安装程序已准备好修复该计算机上的 System Informer。	Setup is ready to repair System Informer on your computer.	force
安装程序已准备好更新该计算机上的 System Informer。	Setup is ready to update System Informer on your computer.	force
安装程序已在该计算机上完成 System Informer 的安装。您可以通过所安装的快捷方式启动该应用程序。	Setup has finished installing System Informer on your computer. The application may be launched by selecting the installed shortcuts.	force
安装程序无法完成该操作。	Setup was unable to complete the operation.	force
安装程序正在运行。现在取消可能导致 System Informer 处于未完全安装或更新的状态。\r\n\r\n确定要取消吗？	Setup is currently in progress. Cancelling now may leave System Informer partially installed or updated.\r\n\r\nAre you sure you want to cancel?	force
安装程序退出后启动程序	Start program when setup exits	force
安装选项	Setup Options	force
完全	Full	force
完全\n进程的完整转储，大多数情况下很少需要。	Full\nA complete dump of the process, rarely needed most of the time.	force
完全 (Windows)	Full (Windows)	force
完全不透明(&O)	Opaque	force
完全写入	Full write	force
完全控制	Full control	force
完全控制（扩展）	Full control (extended)	force
完成	Complete	force
完成(&F)	Finish	force
完成传播	Complete propagation	force
完成模式	Completion mode	force
完整性	Integrity	force
完整性标签	the integrity label	force
完整性级别	the integrity level	force
完整描述	Full Description	force
完整路径	FullPath	force
定时器间隔	Timer interval	force
实例 ID	Instance ID	force
实例句柄	Instance handle	force
实数	real	force
实时	Real time	force
实时内核转储已创建。	Live kernel dump has been created.	force
实时表中没有匹配的连接。请重新列出连接后重试。	No matching connection is in the live table. Re-list the connections and try again.	force
审核	Auditing	force
审核 	Audit 	force
审核 Set Context IP 验证：将上下文 IP 的修改记录到事件日志。\r\n	Audit Set Context IP validation : log modifications of context IP to event log.\r\n	force
审核 XFG：XFG 正在审核模式下运行。\r\n	Audit XFG : XFG is running in audit mode.\r\n	force
审核信息	Auditing information	force
审核堆栈保护：将 ROP 失败记录到事件日志。\r\n	Audit Stack protection : log ROP failures to event log.\r\n	force
审核阻止非 CET 二进制文件：将加载不支持 CET 的二进制文件的尝试记录到事件日志。\r\n	Audit Block non CET binaries : log attempts to load binaries without CET support.\r\n	force
客户端	Client	force
客户端名称	Client name	force
客户端地址	Client address	force
客户端对象	Client Object	force
客户端显示	Client display	force
客户端通信	Client communication	force
客户端配置	Client configuration	force
家族 %lu	family %lu	force
家族 %lu (15+%lu)	family %lu (15+%lu)	force
家族 %lu 扩展家族 %lu	family %lu ext family %lu	force
容器	High	force
容器 ID	Container ID	force
容器不适合显示	Container not interesting for display	force
容器主类别	Container primary category	force
容器从资源管理器启动	Container launch from explorer	force
容器体验 ID	Container experience ID	force
容器元数据 Cabinet	Container metadata cabinet	force
容器元数据搜索进行中	Container metadata search in progress	force
容器元数据路径	Container metadata path	force
容器共享设备	Container shared device	force
容器关联	Container association	force
容器制造商	Container manufacture	force
容器功能子等级	Container function sub-rank	force
容器友好名称	Container friendly name	force
容器发现方法	Container discovery method	force
容器取消配对卸载	Container unpair uninstall	force
容器可唯一标识	Container uniquely identifiable	force
容器图标	Container icon	force
容器在断开状态显示	Container show in disconnected state	force
容器地址	Container address	force
容器型号名称	Container model name	force
容器型号编号	Container model number	force
容器基准体验 ID	Container baseline experience ID	force
容器始终显示已连接	Container always show connected	force
容器安装进行中	Container install in progress	force
容器已加密	Container encrypted	force
容器已认证	Container authenticated	force
容器已连接	Container connected	force
容器已配对	Container paired	force
容器控制标志	Container control flags	force
容器描述	Container description	force
容器描述（其他）	Container description other	force
容器最后出现	Container last seen	force
容器最后连接	Container last connected	force
容器有问题	Container has problem	force
容器本机	Container local machine	force
容器版本	Container version	force
容器特权包系列名称	Container privileged package family names	force
容器直通	Container passthru	force
容器类别	Container category	force
容器类别图标	Container category icon	force
容器类别描述	Container category description	force
容器类别描述（复数）	Container category description plural	force
容器类别组图标	Container category group icon	force
容器类别组描述	Container category group description	force
容器网络设备	Container network device	force
容器自定义特权包系列名称	Container custom privileged package family names	force
容器连接时启动	Container launch on connect	force
容器需要卸载提升	Container requires uninstall elevation	force
容器需要配对提升	Container requires pairing elevation	force
容器需要重启	Container reboot required	force
容器默认设备	Container default device	force
容差	Tolerance	force
宽带 SCSI	SCSI wide	force
宽度：%u，高度：%u，深度：%u，大小：%s	Width: %u, Height: %u, Depth: %u, Size: %s	force
宽范围	Wide range	force
宿主	Hosting	force
寄存器	Enregistered	force
寄存器 %u	Register %u	force
寄存器相对	RegRel	force
寄存器相对别名间接	RegRelAliasIndir	force
寄存器间距	Register spacing	force
密封机箱	Sealed-case	force
密码	password	force
密码：	Password:	force
对内核驱动程序的访问受限。	Access to the kernel driver is restricted.	force
对因错误而停止的情况启用操作	Enable actions for stops with errors	force
对接设备	Dock device	force
对此进程禁用所有页面合并。\r\n	Disables all page combining for this process.\r\n	force
对等组	Peer groups	force
对话框	Dialog	force
对话框控件 ID	Dialog control ID	force
对话框过程	Dialog procedure	force
对象	Object	force
对象创建挂钩未激活。\n	Object creation hooking not active.\n	force
对象名查询	Object query name	force
对象地址	Object address	force
对象小型空闲列表计数: %u\n	Object small free list count: %u\n	force
对象属性	Object attributes	force
对象指针	Object Ptr	force
对象数量: %lu\n	Number of objects: %lu\n	force
对象未命名。	The object is unnamed.	force
对象标识符	Object identifier	force
对象标识符将被永久删除。	The object identifier will be permanently deleted.	force
对象管理器	Object Manager	force
对象类型	Object type	force
对齐错误, 	Alignment faults, 	force
导入	Import	force
导入哈希	Import hashes	force
导入地址筛选已启用。\r\n	Import Address Filtering is enabled.\r\n	force
导出	Export	force
导出 ARM64X	Exports ARM64X	force
导出信息抑制, 	Export information suppression, 	force
导出地址筛选 (Plus) 已启用。\r\n	Export Address Filtering (Plus) is enabled.\r\n	force
导出地址筛选已启用。\r\n	Export Address Filtering is enabled.\r\n	force
导出抑制, 	Export suppression, 	force
封装:	Package:	force
封送处理次数	# of Marshalling	force
封送错误对象	Marshaling error object	force
将在 	Automatically denied in 	force
将在 %u 秒后自动拒绝。	Automatically denied in %u seconds.	force
将幽灵窗口解析为挂起窗口	Resolve ghost windows to hung windows	force
将所有事件记录到此文件（留空以禁用此功能）：	Log all events to this file (leave blank to disable this feature):	force
将改为创建 64 位转储。是否要继续？	A 64-bit dump will be created instead. Do you want to continue?	force
将文件哈希发送至 Hybrid Analysis 查询	ask Hybrid Analysis about a file hash	force
将文件哈希发送至 VirusTotal 查询	ask VirusTotal about a file hash	force
小图标句柄	Small icon handle	force
小型 Centronics	Mini centronics	force
小型 Centronics type-14	Mini-centronics type-14	force
小型 Centronics type-16	Mini-centronics type-16	force
小时	Hours	force
尖峰	Critical peak	force
尚不支持此内核版本。您的内核版本正在开发分支上等待审核。	This kernel version is not yet supported. Your kernel version is pending review on the development branch.	force
尚不支持此内核版本。要获取最新的内核支持，请切换到 Canary 更新通道（帮助 > 检查更新 > Canary > 检查）。	This kernel version is not yet supported. For the latest kernel support switch to the Canary update channel (Help > Check for updates > Canary > Check).	force
就地重分配, 	Realloc in-place, 	force
就绪	Ready	force
尾检查, 	Tail checking, 	force
局部	Local	force
局部性计数	Locality count	force
属于 Modern UI 应用的进程和 DLL。	Processes and DLLs that belong to a Modern UI app.	force
属于 Windows 子系统 for Linux 的进程。	Processes that belong to the Windows subsystem for Linux.	force
属性	Properties	force
属性(&R)	Properties	force
属性(&R)\bEnter	Properties	force
属性(&R)\bShift+Enter	Properties	force
属性(&R)nter	Propertiesnter	force
属性列表大小	Attribute list size	force
属性名称为空。	The property name is empty.	force
属性存储	Property Store	force
属性类型码	Attribute typecode	force
属性编辑器	Property Editor	force
属性页提供程序	Property page provider	force
山东	Shandong	force
峰值	Peak	force
峰值使用量	Peak usage	force
峰值分页池	Peak paged pool	force
峰值句柄数	Peak Handles	force
峰值对象数	Peak Objects	force
峰值工作集	Peak working set	force
峰值私有字节	Peak private bytes	force
峰值虚拟大小	Peak virtual size	force
峰值非分页池	Peak non-paged pool	force
嵌入式	Embedded	force
嵌入式控制器	Embedded controller	force
嵌套	Nested	force
工作区矩形	Client rectangle	force
工作线程上下文: %s	Worker Thread Context: %s	force
工作线程上下文: 未知	Worker thread context: Unknown	force
工作线程启动: 未知	Worker thread start: Unknown	force
工作线程工厂	Worker Factory	force
工作线程起始: %s	Worker Thread Start: %s	force
工作集	Working set	force
工作集峰值	Peak working set	force
工作集监视	WS Watch	force
工作集监视允许您监视进程中发生的页面错误。您必须为进程启用工作集监视才能开始监视。一旦启用了工作集监视，就无法禁用。	Working set watch allows you to monitor page faults that occur in a process. You must enable WS watch for the process to start the monitoring. Once WS watch is enabled, it cannot be disabled.	force
工作集监视已启用。	WS watch is enabled.	force
工具	Tool	force
工具提示	ToolTip	force
工具既未返回结果也未返回错误。	The tool returned neither a result nor an error.	force
工具栏	Toolbar	force
工具栏和状态栏	Toolbar and Status Bar	force
工具栏配置	Toolbar configuration	force
工具状态	ToolStatus	force
左端	Left Edge	force
已上传： 	Uploaded: 	force
已上传：~ / ~ (0%)\r\n速度：~ KB/s	Uploaded: ~ of ~ (0%)\r\nSpeed: ~ KB/s	force
已下载: 	Downloaded: 	force
已下载: %s / %s (%.0f%%)\r\n速度: %s/秒	Downloaded: %s / %s (%.0f%%)\r\nSpeed: %s/s	force
已下载: ~ / ~	Downloaded: ~ of ~	force
已下载: ~ / ~ (0%)\r\n速度: ~ KB/s	Downloaded: ~ of ~ (0%)\r\nSpeed: ~ KB/s	force
已下载: ~ / ~ (~%%)\r\n速度: ~/秒	Downloaded: ~ of ~ (~%%)\r\nSpeed: ~/s	force
已下载：	Downloaded: 	force
已下载：%s / %s (%.0f%%)\r\n速度：%s/s	Downloaded: %s / %s (%.0f%%)\r\nSpeed: %s/s	force
已下载：约 ~ / ~ (0%)\r\n速度：~ KB/s	Downloaded: ~ of ~ (0%)\r\nSpeed: ~ KB/s	force
已为此连接授予	granted for this connection	force
已使用替代方法成功加载内核驱动程序。用于加载驱动程序的设置已保存。您可以在高级选项中还原这些设置。	The kernel driver was successfully loaded using an alternate method. The settings used to load the driver have been saved. You can revert these settings in the advanced options.	force
已修改	Modified	force
已修改 (不可写)	Modified no-write	force
已修改...	Modified...	force
已修改服务	Modified services	force
已修改的服务	New services	force
已修改页面	Modified pages	force
已修改页面文件	Modified pagefile	force
已停放\n	Parked\n	force
已停止	Stopped	force
已停止服务	Stopped services	force
已停止的服务	Stopped services	force
已允许	allowed	force
已关闭	Closed	force
已内联	Was Inlined	force
已写入	Written	force
已写入数据	Data written	force
已写锁定	Write locked	force
已分配元数据空间	Metadata space allocated	force
已分配存储桶: %u\n	Allocated buckets: %u\n	force
已分配条目: %u\n	Allocated entries: %u\n	force
已分配给来宾	Assigned to guest	force
已创建	Created	force
已初始化	Initialized	force
已初始化数据 	InitializedData 	force
已初始化数据, 	Initialized data, 	force
已删除服务	Deleted services	force
已删除的服务	Started services	force
已到达的设备	Terminated processes	force
已加密	Encrypted	force
已加载上下文绑定类数	Context-Bound Classes Loaded	force
已加载类总数	Total Classes Loaded	force
已协商 ECN	ECN negotiated	force
已卸载 Appdomain 总数	Total Appdomains Unloaded	force
已卸载的模块	Unloaded Modules	force
已卸载的模块(&U)	Unloaded modules	force
已压缩	Compressed	force
已发信号：	Signaled:	force
已发送: %lu	Pings sent: %lu	force
已发送: 0	Pings sent: 0	force
已发送字节	Bytes sent	force
已合并内存页：	Memory pages combined: 	force
已启动	Started	force
已启动服务	Started services	force
已启动的服务	Deleted services	force
已启用	Enabled	force
已启用 (作为组)	Enabled (as a group)	force
已启用 (已修改)	Enabled (modified)	force
已启用 NTLMv2	NTLMv2 enabled	force
已启用大小	Enabled size	force
已启用执行, 	Execute enabled, 	force
已启用时间戳	Timestamps enabled	force
已启用映像, 	Image enabled, 	force
已启用核心数	Cores enabled	force
已启用的令牌危险标志。	Token dangerous flags that are enabled.	force
已启用的令牌组或权限。	Token groups or privileges that are enabled.	force
已启用纠错能力	Enabled error correction capabilities	force
已启用线程数	Threads enabled	force
已回收	Collected	force
已固定, 	Pinned, 	force
已委托客户端为此连接询问提示	delegated to the client's prompt for this connection	force
已存在	Exists	force
已安装	Installed	force
已安装大小	Installed size	force
已安装通用驱动程序	Generic driver installed	force
已完成	Completed	force
已将卷文件缓存刷新到磁盘。	Volume file cache flushed to disk.	force
已建立	Established	force
已成功删除IFEO项。	Successfully deleted the IFEO key.	force
已打包	Packed	force
已打开	Opened	force
已找到 %s 个字符串...	%s strings found...	force
已报告	Reported	force
已拒绝（指定的启动器未持有代理的标准句柄）	refused (the named launcher does not hold the broker's standard handles)	force
已拒绝（无法显示确认对话框）	denied (the confirmation could not be shown)	force
已拒绝（未及时答复）	denied (no answer in time)	force
已拒绝（确认被委托给不支持 elicitation 的客户端）	refused (confirmation delegated to a client without elicitation)	force
已拥有	Owned	force
已挂起	Suspended	force
已指定	Specified	force
已授予：	Granted: 	force
已排除, 	Excluded, 	force
已接收字节	Bytes received	force
已接收配置	Received config	force
已提交	Committed	force
已提交内存	Commit charge	force
已提交内存历史记录	Commit charge history	force
已提交内存：	Commit charge: 	force
已提升但未传播	Elevated no propagation	force
已提升：	Elevated:	force
已插桩, 	Instrumented, 	force
已插桩（写入）, 	Instrumented (Write), 	force
已撤销此会话的全部授权	session grants revoked	force
已放弃	Abandoned	force
已放弃：	Abandoned:	force
已断开	Disconnected	force
已断开连接	Disconnected	force
已显示提示	Prompt displayed	force
已暂停	Paused	force
已替换	Superseded	force
已枚举	Enumerated	force
已清空	Cleared	force
已清空优先级 0 备用列表。	Priority 0 standby list emptied.	force
已清空压缩存储。	Compression stores emptied.	force
已清空备用列表。	Standby lists emptied.	force
已清空工作集。	Working sets emptied.	force
已清空已修改页列表。	Modified page lists emptied.	force
已清空注册表缓存。	Registry cache emptied.	force
已清空系统文件缓存：	System file cache emptied: 	force
已清零	Zeroed	force
已满	Full	force
已用	Used	force
已用: 	Used: 	force
已用元数据空间	Metadata space used	force
已用内存	Memory used	force
已用插槽	Slots used	force
已用百分比	Percentage used	force
已知	Known	force
已知损坏	Known Bad	force
已知损坏（启动关键）	Known Bad (Boot Critical)	force
已知良好	Known Good	force
已禁止脱离	Breakaway inhibited	force
已禁用	Disabled	force
已禁用 (已修改)	Disabled (modified)	force
已禁用 / Hyper-V	Disabled / Hyper-V	force
已禁用, 	Disabled, 	force
已禁用插件	Disabled Plugins	force
已禁用插件 (0)	Disabled plugins (0)	force
已禁用的令牌危险标志。	Token dangerous flags that are disabled.	force
已禁用的令牌组或权限。	Token groups or privileges that are disabled.	force
已禁用的插件（%lu）	Disabled Plugins (%lu)	force
已禁用的服务	Disabled Services	force
已禁用链, 	Chain disabled, 	force
已移除	Removed	force
已移除对象	Removed objects	force
已移除对象：	Removed objects:	force
已移除的权限	Removed privilege	force
已移除的设备	New processes	force
已移除设备	Removed devices	force
已纠正	Corrected	force
已纠正单位	Corrected singled-bit	force
已终止的 	Terminated 	force
已终止的线程	terminated thread	force
已终止的进程	Terminated processes	force
已终止进程	Terminated processes	force
已终结	Finalized	force
已绑定	Bound	force
已绑定（特定）	Bound (specific)	force
已虚拟化	Virtualized	force
已虚拟化：	Virtualized:	force
已被禁用的服务。	Services which have been disabled.	force
已被移除的令牌权限。	Token privileges that have been removed.	force
已装载	Mounted	force
已覆盖	Overwritten	force
已解析信息, 	Has parsed information, 	force
已设置 - 使用您的密钥	Set - using your key	force
已设置发送缓冲区大小, 	Send buffer size set, 	force
已设置接收缓冲区大小, 	Receive buffer size set, 	force
已识别线程总数	# of Total Recognized Threads	force
已识别线程速率/秒	Rate of Recognized Threads / sec	force
已请求卸载	UnloadRequested	force
已读取数据	Data read	force
已读锁定	Read locked	force
已调用	Called	force
已调用应用信誉	App reputation called	force
已过滤	Filtered	force
已连接	Connected	force
已连接的代理将能够在无人询问的情况下使用它。	Connected agents will be able to use it without anyone being asked.	force
已连接的智能体	Connected agents	force
已连接的磁盘驱动器	Connected	force
已退出	Exited	force
已通知	Signaled	force
已通知，同步事件	Signaled, Synchronization	force
已通知，通知事件	Signaled, Notification	force
已通过客户端请求确认	confirmation requested through the client	force
已重定位的 DLL	Relocated DLLs	force
已重定位的模块	Relocated modules	force
已锁定	Locked out	force
已锁定, 	Locked, 	force
已阻塞	Blocked	force
已限制	Limited	force
已限流...	Rate limited...	force
已验证签名者	Verified signer	force
布局	Layout	force
带外远程访问	Out-of-band remote access	force
帧	Frame	force
帧 %lu	Frame %lu	force
帧地址	Frame address	force
帧填充大小	Frame Pad Size	force
帧大小	Frame Size	force
帧数据	FrameData	force
帧显示前时间	Time until frame displayed	force
帧渲染前时间	Time until frame rendered	force
帧距离	Frame distance	force
帮助	Help	force
帮助文本	Help Text	force
帮助菜单 > 检查更新	Help menu > Check for updates	force
常规	Normal	force
常规\n对大多数用途而言，此转储文件最为有用。	Normal\nFor most purposes, this dump file is the most useful.	force
常量	Const	force
常驻, 	Resident, 	force
常驻属性数	Number of resident attributes	force
平台	Platform	force
平台写入	Platform write	force
平台支持正在等待审核。	Platform support pending review.	force
平台权限	Platform rights	force
平台读取	Platform read	force
平均: %.2f 毫秒	Average: %.2f ms	force
平均: 0.00 毫秒	Average: 0.00 ms	force
平均严重程度：%.4f\r\n	Average severity: %.4f\r\n	force
平均值	Average	force
平均写入速率	Write rate average	force
平均总速率	Total rate average	force
平均显示延迟	Average display latency	force
平均读取速率	Read rate average	force
平板	Tablet	force
平段	Flat	force
年	Years	force
并口 ECP	Parallel port ECP	force
并口 ECP/EPP	Parallel port ECP/EPP	force
并口 EPP	Parallel port EPP	force
并口 PS/2	Parallel port PS/2	force
并口 XT/AT	Parallel port XT/AT	force
幽灵窗口数	Ghost count	force
广东	Guangdong	force
广播	Broadcast	force
广播, 	Broadcast, 	force
广播接收	Broadcast reception	force
序列号	Serial number	force
序号	Ordinal	force
序号/提示	Ordinal/Hint	force
序号名称	Ordinal name	force
库名	Library Name	force
应将 System Informer 安装到哪里？	Where should System Informer be installed?	force
应用	Apply	force
应用 ID	App ID	force
应用商店	Store	force
应用程序 STA	Application STA	force
应用程序字体：	Application font:	force
底层映像文件一致性较低的模块。	Modules whose backing image file has low coherency.	force
底部	Bottom	force
度量启动日志 (*.log)	Measured boot logs (*.log)	force
延迟	Defer	force
延迟 (毫秒)	Latency (ms)	force
延迟 FIN ACK	Delay FIN ACK	force
延迟加载 IAT 受保护, 	Delay-load IAT protected, 	force
延迟加载专用节区, 	Delay-load private section, 	force
延迟加载依赖	Delay load dependency	force
延迟加载导入	Delay load imports	force
延迟启动	Delayed start	force
延迟启动：关	delayed start off	force
延迟启动：开	delayed start on	force
延迟执行	Delay execution	force
延迟过程调用	Deferred procedure calls	force
建议您在继续之前关闭所有其他应用程序。	It is recommended you close all other applications before continuing.	force
开关	Switching	force
开发人员	Developer	force
开发人员已签名	Developer signed	force
开发人员未签名	Developer unsigned	force
开发者版	Developer	force
开始下载...	Starting download...	force
开始时间	Start time	force
开机密码	Power-on password	force
异常	Exceptions	force
异常 ARM64X	Exceptions ARM64X	force
异常处理程序	Exception handler	force
异常处理程序 VA	Exception Handler VA	force
异常调度	Exception dispatches	force
异步	Asynchronous	force
引导启动	Boot start	force
引导服务, 	Boot Service, 	force
引用	References	force
引用 %s 的服务：	Services referencing %s:	force
引用计数	Reference count	force
引用计数: %ld\n	Reference count: %ld\n	force
引用计数: %ums\n	Referencing: %ums\n	force
弱	Weak	force
弹出关系	Ejection relations	force
强制	Mandatory	force
强制 GC 次数	# Induced GC	force
强制, 	Mandatory, 	force
强制关键	forces a critical	force
强制完整性检查, 	Force integrity check, 	force
强制断开时间	Kickoff time	force
强制映像先从安装 Windows 的 System32 文件夹加载，然后在标准 DLL 搜索顺序之前从应用程序目录加载。\r\n	Forces images to load from the System32 folder in which Windows is installed first, then from the application directory before the standard DLL search order.\r\n	force
强制更改密码	Force password change	force
强制重定位, 	force relocate, 	force
归因周期数	Attributed cycles	force
当前	Current	force
当前 Appdomain 数	Current Appdomains	force
当前 SRAM	Current SRAM	force
当前使用	Current usage	force
当前实例数	Current instances	force
当前工具栏按钮：	Current toolbar buttons:	force
当前已加载类数	Current Classes Loaded	force
当前已识别线程数	# of Current Recognized Threads	force
当前数据库配置值：	Current database configuration values:	force
当前数（增量）	Current (delta)	force
当前数（总计）	Current (total)	force
当前时段：%s（%s 至 %s）\r\n	Current period: %s (%s to %s)\r\n	force
当前正在被调试的进程。	Processes that are currently being debugged.	force
当前物理线程数	# of Current Physical Threads	force
当前状态栏条目：	Current status bar entries:	force
当前用户	the current user	force
当前电源方案	Current Power Scheme	force
当前目录中的对象数：%s	Objects in current directory: %s	force
当前目录：	Current directory:	force
当前程序集数	Current Assemblies	force
当前窗口桌面	Current Window Desktop	force
当前窗口站	Current Window Station	force
当前线程数: %lu\n	Current threads: %lu\n	force
当前计数：	Current count:	force
当前计数：%d/%d	Current count: %d/%d	force
当前语言	Current language	force
当前速度	Current speed	force
当前逻辑线程数	# of Current Logical Threads	force
当前队列长度	Current Queue Length	force
影子	Shadow	force
影子内存	Shadowing	force
待取消初始化	Pending uninit	force
待机（备用）	Standby (spare)	force
待机（离线）	Standby (offline)	force
待释放	To be freed	force
很低	Very low	force
微调框	Spinner	force
微软电网预测数据不可用，已自动切换至峰谷电价模式。\r\n	Microsoft grid forecast data is unavailable, switched to peak-valley tariff mode.\r\n	force
徽标地址	Logo address	force
必须提供名称，且必须是服务名。	name is required and must be the service name.	force
必须至少选择一个 CPU。	You must select at least one CPU.	force
必须至少选择一种内存类型（Private、Image 或 Mapped）。	At least one memory type (Private, Image, or Mapped) must be selected.	force
必须设置密码	Password must set	force
忙碌	Busy	force
忙碌计数: %lu\n	Busy count: %lu\n	force
快 (0.5s)	Fast (0.5s)	force
快捷方式选项	Shortcut Options	force
快捷键	Accelerator Key	force
快速打开	Fast open	force
快速短 REP CMPSB	fast short REP CMPSB	force
快速短 REP MOV	fast short REP MOV	force
快速短 REP STOSB	fast short REP STOSB	force
快速重传	Fast retransmits	force
快速锁: %ums\n	Fast lock: %ums\n	force
快速零长度 REP MOV	fast zero-length REP MOV	force
快页	Fast-paged	force
快页模式	Fast-page mode	force
忽略	Ignore	force
忽略 AppLocker 规则和软件限制策略	Ignore AppLocker rules and Software Restriction Policies	force
忽略 Authz 级别, 	Ignore authz level, 	force
忽略 DLL 引用, 	Ignore dll references, 	force
忽略不可访问的内存	Ignore inaccessible memory	force
忽略未知或无效项	Ignore unknown or bad	force
忽略用户界面特权隔离	Ignore User Interface Privilege Isolation	force
性能	Performance	force
性能核	Performance cores	force
性能核（P-core）	Performance core (P-core)	force
总 CPU 时间	Total CPU time	force
总保留字节数	# Total Reserved Bytes	force
总内存	Total Memory	force
总功耗	Total usage	force
总压缩：	Total compressed: 	force
总发送字节	Total bytes out	force
总哈希	Total hash	force
总增量	Total delta	force
总大小	Total size	force
总字节	Total bytes	force
总字节 (平均)	Total bytes (average)	force
总字节增量	Total bytes delta	force
总字节数	Bytes total	force
总宽度	Total width	force
总工作集	Total WS	force
总已用	Total used	force
总开销 (头部): %s\n	Total overhead (header): %s\n	force
总扇区数	Total sectors	force
总接收字节	Total bytes in	force
总提交字节数	# Total Committed Bytes	force
总数量: %lu\n	Total number: %lu\n	force
总时段数：%u（每段约 %.0f 分钟，共约 %.0f 分钟）\r\n	Total blocks: %u (each ~%.0f minutes, total ~%.0f minutes)\r\n	force
总时间	Total time	force
总熵	Total entropy	force
总空闲	Total free	force
总簇数	Total clusters	force
总线	Bus	force
总线关系	Bus relations	force
总线号	Bus number	force
总线宽度	Bus width	force
总线宽度基数	Bus width base	force
总线扩展	Bus expansion	force
总线报告描述	Bus reported description	force
总线类型 GUID	Bus type GUID	force
总线编号	Bus number	force
总线鼠标	Bus mouse	force
总线鼠标 DB-9	Bus mouse DB-9	force
总线鼠标 micro-DIN	Bus mouse micro-DIN	force
总计	Total	force
总计:	Total:	force
总计节省内存：	Total memory saved: 	force
总速率	Total rate	force
恢&复	Resume	force
恢复	resume	force
恢复(&U)	Resume	force
恢复以下线程	resume the following thread	force
恢复以下进程	resume the following process	force
恢复进程树\bShift+Del	Resume process tree	force
恢复进程树将导致该进程及其后代进程被恢复。	Resuming a process tree will cause the process and its descendants to be resumed.	force
恢复默认...	Restore default...	force
恢复默认设置	Reset to defaults	force
您即将 	You are about to 	force
您即将为启用了严格句柄检查的关键进程关闭一个或多个句柄。此操作将立即关闭操作系统。\r\n\r\n	You are about to close one or more handles for a critical process with strict handle checks enabled. This will shut down the operating system immediately.\r\n\r\n	force
您即将关闭一个或多个启用了严格句柄检查的关键进程的句柄。这将立即关闭操作系统。\r\n\r\n	You are about to close one or more handles for a critical process with strict handle checks enabled. This will shut down the operating system immediately.\r\n\r\n	force
您只能更改单个线程的亲和性。	you can only change affinity for individual threads.	force
您可以从下方已安装的调试工具中选择。	You can choose from the installed debugging tools below.	force
您可以使用 IPv4 或 IPv6 地址作为目标，或使用完全限定域名 (FQDN) 或网站 URL 作为目标。	You can use an IPv4 or IPv6 address as the target or a fully qualified domain name (FQDN) or a website URL as the target.	force
您可以查看上次分析，或立即重新上传。	You can take a look at the last analysis or upload it again now.	force
您可以配置要显示通知的服务。支持使用通配符，并会考虑顺序。	You can configure services for which notifications are displayed. Wildcards can be used, and ordering is considered.	force
您可以配置要显示通知的设备。支持使用通配符，并会考虑顺序。	You can configure devices for which notifications are displayed. Wildcards can be used, and ordering is considered.	force
您可以配置要显示通知的进程。支持使用通配符，并会考虑顺序。	You can configure processes for which notifications are displayed. Wildcards can be used, and ordering is considered.	force
您将无法使用更多高级功能、查看系统进程详细信息或终止恶意软件。	You will be unable to use more advanced features, view details about system processes or terminate malicious software.	force
您更改的一个或多个选项需要重启 System Informer。	One or more options you have changed requires a restart of System Informer.	force
您更改的一个或多个选项需要重新启动 PE Viewer。	One or more options you have changed requires a restart of PE Viewer.	force
您正在 64 位 Windows 上运行 32 位版本的 PE Viewer。大多数功能将无法正常工作。\n\n请改为运行 64 位版本的 PE Viewer。	You are attempting to run the 32-bit version of PE Viewer on 64-bit Windows. Most features will not work correctly.\n\nPlease run the 64-bit version of PE Viewer instead.	force
您正在 64 位 Windows 上运行 System Informer 的 32 位版本。 大多数功能将无法正常工作。\n\n请改用 64 位版本的 System Informer。	You are attempting to run the 32-bit version of System Informer on 64-bit Windows. Most features will not work correctly.\n\nPlease run the 64-bit version of System Informer instead.	force
您正在运行最新版本。	You're running the latest version.	force
您正在运行预发布版本。	You're running a pre-release build.	force
您的内核版本正在开发分支上等待审核。您的内核将在下一个版本中获得支持！	Your kernel version is pending review on the development branch. Your kernel will be supported in the next build!	force
您的计算机已连接到名为 %s 的计算机。%s 服务在 %s 上意外终止。%s 将自动重新启动，之后您可以重新建立连接。	Your computer is connected to the computer named %s. The %s service on %s has ended unexpectedly. %s will restart automatically, and then you can reestablish the connection.	force
您需要以管理员权限启用此选项。	You need to enable this option with administrative privileges.	force
您需要在选项窗口 > OnlineChecks 页面中配置 HybridAnalysis。	You need to configure HybridAnalysis from the Options window > OnlineChecks page.	force
您需要在选项窗口 > OnlineChecks 页面中配置 VirusTotal。	You need to configure VirusTotal from the Options window > OnlineChecks page.	force
您需要提供管理员权限。请点击继续以完成此操作。	You will need to provide administrator permission. Click Continue to complete this operation.	force
意外移除	Surprise removal	force
感知高级电源	Advanced power aware	force
慢 (5s)	Slow (5s)	force
成功	succeeded	force
成员	Member	force
截止日期	To	force
所有堆中的字节数	# Bytes in all Heaps	force
所有文件 (*.*)	All files (*.*)	force
所有映像被强制重定位（无论其是否支持 ASLR）。\r\n	All images are being forcibly relocated (regardless of whether they support ASLR).\r\n	force
所有者	Owner	force
所有者 ID	OwnerId	force
所有者写入	Owner write	force
所有者权限	Owner rights	force
所有者读取	Owner read	force
所有者：	Owner:	force
所选句柄	the selected handle	force
所选安装目录已包含文件和数据。如果继续，该目录及其中的文件将被删除。\r\n\r\n是否更改目录？	The selected installation directory already contains files and data. If you continue this directory and files will be deleted.\r\n\r\nDo you want to change the directory?	force
所选服务	the selected service	force
所选特权	the selected privilege(s)	force
所选特权已被添加。	The selected privilege has already been added.	force
所选的环境变量	the selected environment variable	force
所选线程	the selected thread	force
所选线程的 I/O	I/O for the selected thread	force
所选进程	the selected processes	force
所需最大额外段落数	Maximum extra paragraphs needed	force
所需最小额外段落数	Minimum extra paragraphs needed	force
所需特权：	Required privileges:	force
所需状态失败	Required State Failure	force
扁平机箱	Pizza box	force
手动	Manual	force
手动启动	Demand Start	force
手动安装	Manually installed	force
手持设备	Hand held	force
打包库, 	Packaged_library, 	force
打印屏幕	Print screen	force
打印机	Printer	force
打开	Open	force
打开 GeoIP.conf	Open GeoIP.conf	force
打开 ICMP 句柄失败。	Opening an ICMP handle failed.	force
打开(&O)：	Open:	force
打开命名管道目录	Opening the named pipe directory	force
打开对象	Opening the object	force
打开对象目录	Opening the object directory	force
打开文件	Opening the file	force
打开文件...	Open File...	force
打开文件位置\bEnter	Open file location	force
打开文件位置(&F)	Open file location	force
打开文件位置(&F)\bCtrl+Enter	Open file location	force
打开文件位置(&F)\bEnter	Open file location	force
打开文件位置(&F)\bCtrl+Enter	Open file location	force
打开文件位置(&F)nter	Open file locationnter	force
打开文件位置(&O)	Open file location	force
打开文件位置nter	Open file locationnter	force
打开文件错误, 	Openfile faults, 	force
打开服务	Opening the service	force
打开本机文件位置	Open native file location	force
打开注册表键	Opening the key	force
打开注册表项(&K)	Open key	force
打开目录	Opening the directory	force
打开等待链会话	Opening a wait chain session	force
打开筛选引擎	Opening the filtering engine	force
打开线程	Opening the thread	force
打开结果：	OpenResult: 	force
打开设备对象	Opening the device object	force
打开进程	Opening the process	force
打开进程令牌	Opening the process token	force
打开链接(&O)\bEnter	Open link	force
打开链接(&O)nter	Open linknter	force
打开项	Open key	force
打开驱动程序对象	Opening the driver object	force
托盘图标	Tray icons	force
托管	Managed	force
托管代码就绪	ReadyForManagedCode	force
托管服务	Managed service	force
托管类型	ManagedType	force
执行	Execute	force
执行 	Execute 	force
执行, 	Execute, 	force
执行体	Executive	force
执行保护	Execute protection	force
执行方法	Execute methods	force
执行映射	Map execute	force
执行映射（显式）	Map execute explicit	force
执行的 Finally 块数	# of Finallys Executed	force
执行的 Finally 块数/秒	# of Finallys Executed / sec	force
执行的过滤器数	# of Filters Executed	force
执行的过滤器数/秒	# of Filters Executed / sec	force
执行硬性	performs a hard	force
扩展	Expansion	force
扩展 TCP 统计已禁用	Extended TCP statistics are disabled	force
扩展 Unicode	Extended Unicode	force
扩展卡	Add-in card	force
扩展地址	Extended address	force
扩展坞	Docking station	force
扩展型号 %lu	ext model %lu	force
扩展大小	Extend size	force
扩展字符集	Extended character set	force
扩展家族 %lu	ext family %lu	force
扩展属性	Extended Attributes	force
扩展工具	ExtendedTools	force
扩展服务	Extended Services	force
扩展服务管理功能。	Extends service management capabilities.	force
扩展样式	Extended styles	force
扩展点已禁用	Extension points disabled	force
扩展特性	Characteristics extended	force
扩展画笔	ExtPen	force
扩展通知	Extended Notifications	force
扩展配置 ID	Extended configuration IDs	force
扩展重定位, 	Extended relocations, 	force
扫描(&S)	Scan	force
扫描不可访问的部分页面	Scan inaccessible partial pages	force
扫描中...	Scanning...	force
扫描内存	Scan memory	force
扫描已禁用	Scanning disabled	force
扫描排除项	Scan exclusions	force
扫描方式	Scan with	force
扫描进程列表未报告的进程	scan for processes the process list does not report	force
批处理	Batch	force
批注	Annotation	force
找不到 32 位版本的 System Informer。	The 32-bit version of System Informer could not be located.	force
找不到名为 %s 的帐户。	No account named %s could be found.	force
找不到名为 %s 的符号。名称只能通过符号文件或导出表解析。	No symbol named %s was found. A name resolves only from a symbol file or an export table.	force
找到的句柄总数:	Total handles found:	force
承载一个或多个服务的进程。	Processes which host one or more services.	force
技术	Technology	force
投影	Drop shadow	force
抖动 (毫秒)	Jitter (ms)	force
折叠	Collapse	force
抛出到捕获深度/秒	Throw To Catch Depth / sec	force
抛出异常数/秒	# of Exceps Thrown / sec	force
抛出的异常数	# of Exceptions Thrown	force
报告 ID 哈希	Reported IDs hash	force
报告错误 (%lu)	Report error (%lu)	force
拆分总计	Split total	force
拉取	Pull	force
拒绝	Deny	force
拓扑	Topology	force
拥塞受限字节	Congestion-limited bytes	force
拥塞受限时间	Congestion-limited time	force
拥塞受限次数	Congestion-limited episodes	force
拥塞窗口	Congestion window	force
拥塞算法	Congestion algorithm	force
持续 Ping	Ping continuously	force
持续时间	Duration	force
挂起	suspend	force
挂起/恢复	Suspend / resume	force
挂起/恢复/设置端口	Suspend / resume / set port	force
挂起以下线程	suspend the following thread	force
挂起以下进程	suspend the following process	force
挂起时间	Suspended time	force
挂起的 IRP	Pending IRP	force
挂起的发送	Pending sends	force
挂起的接收请求	Pending receive requests	force
挂起的进程和线程	Suspended processes and threads	force
挂起进程树\bShift+Del	Suspend process tree	force
挂起进程树将导致该进程及其后代进程被挂起。	Suspending the process tree will suspend the process and its descendants.	force
指令	Instruction	force
指派为主令牌	Assign as primary token	force
指派主令牌	Assign primary	force
指派进程	Assign processes	force
指点杆	Track point	force
指纹	Thumbprint	force
指针类型	PointerType	force
指针认证 (PAC) 可防止指针被意外更改。\r\n	Pointer authentication (PAC) prevents unexpected changes to pointers.\r\n	force
指针输入被阻止	Pointer input blocked	force
按 Ctrl+C 或输入 \"exit\" 以关闭调试控制台。输入 \"help\" 查看命令列表。\n	Press Ctrl+C or type \"exit\" to close the debug console. Type \"help\" for a list of commands.\n	force
按 Z 序枚举窗口	Enumerate windows by z-order	force
按内存地址写入	Write with memory address	force
按名称:	By name:	force
按地址:	By address:	force
按所有者枚举窗口	Enumerate windows by owner	force
按文件 ID	By file ID	force
按标记读取内核池使用情况	read kernel pool usage by tag	force
按监视器 V2	Per-monitor V2	force
按监视器感知	Per-monitor aware	force
按类型:	By type:	force
按线程 ID 警报	Alert by thread ID	force
按近期活动对进程排序	rank processes by recent activity	force
按钮	Button	force
按钮数量	Number of buttons	force
捐赠	Donate	force
捕获用户页	Capture user pages	force
捕获虚拟机监控程序页	Capture Hypervisor pages	force
损坏	Bad	force
授予的访问权限	Granted access	force
授予的访问权限（掩码）	Granted access (mask)	force
授予的访问权限（符号）	Granted access (symbolic)	force
授予的访问权限（通用）	Granted access (generic)	force
授予访问权限 (符号)	Granted access (symbolic)	force
授权	Authorization	force
授权写入	Auth write	force
授权权限	Auth rights	force
授权读取	Auth read	force
排序子设备	Sort child devices	force
排序根设备	Sort root devices	force
排队锁: %ums\n	Queued lock: %ums\n	force
排除	Exclude	force
排除, 	Excluded, 	force
探测	Probe	force
探测超时次数	Probe timeout episodes	force
接受	Accept	force
接口	Interface	force
接口 LUID	Interface LUID	force
接口不受限应用程序功能	Interface unrestricted application capabilities	force
接口列表	Interface list	force
接口友好名称	Interface friendly name	force
接口受限	Interface restricted	force
接口已启用	Interface enabled	force
接口引用	Interface reference	force
接口示意图名称	Interface schematic name	force
接口类 GUID	Interface class GUID	force
接口类名称	Interface class name	force
接口类默认接口	Interface class default interface	force
接收	Receive	force
接收 ECN	Receive ECN	force
接收 ICMP 错误	Receive ICMP errors	force
接收 TTL	Receive TTL	force
接收:	Receive:	force
接收关闭, 	Receive shutdown, 	force
接收到达接口	Receive arrival interface	force
接收增量	Receives delta	force
接收字节	Receive bytes	force
接收字节:	Receive bytes:	force
接收字节增量	Receive bytes delta	force
接收扩展数据包信息	Recveive ext. packet info	force
接收数	Receives	force
接收数增量	Receives delta	force
接收数据包信息	Receive packet info	force
接收方受限字节	Receiver-limited bytes	force
接收方受限时间	Receiver-limited time	force
接收方受限次数	Receiver-limited episodes	force
接收服务类型	Receive type-of-service	force
接收目标地址	Receive dest. address	force
接收窗口	Receive window	force
接收窗口大小	Receive window size	force
接收缓冲区	Receive buffer	force
接收缓冲区大小	Receive buffer size	force
接收超时	Receive timeout	force
接收路由标头	Receive routing header	force
接收速率	Receive rate	force
控件类型	Control Type	force
控制	Control	force
控制台	Console	force
控制台主机	Console host	force
控制台堆	Console Heap	force
控制台应用程序	Console application	force
控制器	Controller	force
控制器主版本	Controller major release	force
控制器忙碌时间	Controller busy time	force
控制地址	Control address	force
控制字符 0x%02x 为 XML 标准所不允许。	Bad control character 0x%02x not allowed by XML standard.	force
控制流防护, 	Control Flow Guard, 	force
推测异常, 	Speculative exceptions, 	force
推测性存储绕过	Speculative store bypass	force
推荐条目	Recommended entry	force
掩码 0x%I64x	mask 0x%I64x	force
描述	Description	force
描述 \"%s\"	description \"%s\"	force
描述符数量	Number of descriptors	force
描述符长度	Length of descriptors	force
描述：	Description:	force
描述：\n    	Description:\n    	force
提交	Commit	force
提交中...	Submitting...	force
提交使用率 (文本)	Commit usage (text)	force
提交信息	Comments	force
提交内存	Commit charge	force
提交内存    	Commit    	force
提交历史记录	Commit charge history	force
提交数	Commit charge	force
提交数：	Commit charge:	force
提供程序	Provider	force
提供程序 ID	Provider ID	force
提供程序写入	Provider write	force
提供程序标志	Provider flags	force
提供程序缓存中不存在名为 %s 的服务。	No service named %s is in the provider cache.	force
提供程序缓存中没有 pid 为 %llu 的进程。	No process with pid %llu is in the provider cache.	force
提供程序缓存中没有名为 %s 的服务。请使用 list_services 查找服务名。	No service named %s is in the provider cache. Use list_services to find the service name.	force
提供程序缓存中没有此 pid 对应的进程。	No process with this pid is in the provider cache.	force
提供程序缓存中没有此 pid 的进程。	No process with this pid is in the provider cache.	force
提升	Elevation	force
提升(&B)	Boost	force
提升权限的进程	Elevated processes	force
提升的终结化内存/秒	Promoted Finalization-Memory / sec	force
提示	Hint	force
提示：右键单击主窗口上的工具栏可自定义图标和图表。	Note: Right-click the toolbar on the main window to customize the icons and graphs.	force
插件	Plugins	force
插件属性	Plugin Properties	force
插槽	Sockets	force
插槽式	Socketed	force
插槽标识	Socket designation	force
插槽类型	Socket type	force
搜索 DLL 加载目录, 	Search DLL load directory, 	force
搜索 WMI 提供程序 (Ctrl+K)	Search WMI Providers (Ctrl+K)	force
搜索 system32, 	Search system32, 	force
搜索 system32（无转发）, 	Search system32 (No forwarders), 	force
搜索内存	Search the memory of	force
搜索内存 (Ctrl+K)	Search Memory (Ctrl+K)	force
搜索包	Search Packages	force
搜索句柄 (Ctrl+K)	Search Handles (Ctrl+K)	force
搜索命名管道 (Ctrl+K)	Search Named Pipes (Ctrl+K)	force
搜索字符串 (Ctrl+K)	Search Strings (Ctrl+K)	force
搜索安全的当前目录, 	Search safe current directory, 	force
搜索对象 (Ctrl+K)	Search Objects (Ctrl+K)	force
搜索导入 (Ctrl+K)	Search Imports (Ctrl+K)	force
搜索导出 (Ctrl+K)	Search Exports (Ctrl+K)	force
搜索工具	Search tools	force
搜索已禁用	Search disabled	force
搜索布局 (Ctrl+K)	Search Layout (Ctrl+K)	force
搜索应用程序目录, 	Search application directory, 	force
搜索引擎：	Search engine:	force
搜索服务 (Ctrl+K)	Search Services (Ctrl+K)	force
搜索框	Search box	force
搜索框：	Search box:	force
搜索模块 (Ctrl+K)	Search Modules (Ctrl+K)	force
搜索池标签 (Ctrl+K)	Search Pool Tags (Ctrl+K)	force
搜索环境变量	Search Environment Variables	force
搜索环境变量 (Ctrl+K)	Search Environment (Ctrl+K)	force
搜索用户	Search Users	force
搜索用户目录, 	Search user directory, 	force
搜索监视器 (Ctrl+K)	Search Monitor (Ctrl+K)	force
搜索目录 (Ctrl+K)	Search Directories (Ctrl+K)	force
搜索磁盘	Search Disk	force
搜索程序集 (Ctrl+K)	Search Assemblies (Ctrl+K)	force
搜索窗口 (Ctrl+K)	Search Windows (Ctrl+K)	force
搜索符号 (Ctrl+K)	Search Symbols (Ctrl+K)	force
搜索线程 (Ctrl+K)	Search Threads (Ctrl+K)	force
搜索线程堆栈	Search thread stacks	force
搜索结果.txt	Search results.txt	force
搜索网络 (Ctrl+K)	Search Network (Ctrl+K)	force
搜索节 (Ctrl+K)	Search Sections (Ctrl+K)	force
搜索设备	Search Devices	force
搜索设置...	Search settings...	force
搜索证书 (Ctrl+K)	Search Certificates (Ctrl+K)	force
搜索资源 (Ctrl+K)	Search Resources (Ctrl+K)	force
搜索进程 (Ctrl+K)	Search Processes (Ctrl+K)	force
搜索进程的内存	search the memory of processes	force
搜索重定位 (Ctrl+K)	Search Relocations (Ctrl+K)	force
搜索防火墙	Search Firewall	force
搜索驱动更新	Search driver update	force
搜索默认目录, 	Search default directory, 	force
摇杆	Joy stick	force
摘要	Digest	force
摘要 (%s)：	Digest (%s): 	force
摘要值	Digest value	force
撤销	Undo	force
撤销授权	Revoke grants	force
播放日志	Playback journals	force
操作	Action	force
操作系统	Operating system	force
操作系统检测到硬件故障	Operating system detected hardware failure	force
操作：	Action:	force
擦洗	Scrubbing	force
支持 QoS	QoS supported	force
支持 SRAM	Supported SRAM	force
支持 SetLastError, 	Supports last error, 	force
支持交错	Supported interleave	force
支持从 D0 唤醒	Wake from D0	force
支持从 D1 唤醒	Wake from D1	force
支持从 D2 唤醒	Wake from D2	force
支持从 D3 唤醒	Wake from D3	force
支持多点	Support multipoint	force
支持弹出	Eject supported	force
支持情况：	Supported:	force
支持意外移除	Surprise removal ok	force
支持类型	Supported types	force
支持软重启	Soft restart supported	force
支持速度	Supported speeds	force
支持锁定	Lock supported	force
效率	Efficiency	force
效率(&E)	Efficiency	force
散热单元组	Cooling unit group	force
散热状态	Thermal state	force
散热设备	Cooling device	force
散热设备句柄	Cooling device handle	force
数学	Math	force
数据	Data	force
数据哈希	Data hash	force
数据大小	Data size	force
数据宽度	Data width	force
数据报	Datagram	force
数据文件, 	Datafile, 	force
数据文件（独占）, 	Datafile (Exclusive), 	force
数据熵	Data entropy	force
数据起始偏移	Data start off	force
数据长度	Data Length	force
数据项：	Data items:	force
数组类型	ArrayType	force
数量	Count	force
整数	Integer	force
整数对	IntegerPair	force
整数（十六进制）	Integer (hex)	force
文件	File	force
文件 Trim 字节数	File trim bytes	force
文件 Trim 时间	File trim time	force
文件 Trim 次数	File trim count	force
文件信息	File information	force
文件信誉分析	File reputation analysis	force
文件修改时间	File modified time	force
文件共享访问	File share access	force
文件写入字节数	File write bytes	force
文件写入次数	File writes	force
文件名	Filename	force
文件名：	File name:	force
文件哈希	File hashes	force
文件大小	File size	force
文件头	File Header	force
文件夹路径	Folder path	force
文件对象标识符	File object identifier	force
文件属性	File attributes	force
文件属性(&I)	File properties	force
文件引用号	File reference number	force
文件或目录	File or directory	force
文件最后 USN	File last USN	force
文件最后一页的字节数	Bytes on last page of file	force
文件条目标志	File entry flags	force
文件标识符	File identifier	force
文件类型	FileType	force
文件系统	File System	force
文件系统驱动程序	FS driver	force
文件索引	File index	force
文件记录数	Number of file records	force
文件读取字节数	File read bytes	force
文件读取次数	File reads	force
文件路径	File path	force
文件过大	File too large	force
文件静态	File Static	force
文件页数	Pages in file	force
文件：	File: 	force
文件：\n	File:\n	force
文件：%s：第 %lu 行\n	File: %s: line %lu\n	force
文本	Text	force
文本文件 (*.txt)	Text files (*.txt)	force
文本文件 (*.txt;*.log)	Text files (*.txt;*.log)	force
文本选项：	Text options:	force
文本：	Text:	force
文档	Document	force
断开	Disconnect	force
断开数据	Disconnect data	force
断开时间	Disconnect time	force
断开连接	Disconnect	force
断开连接时间	Disconnect time	force
新 EXE 头的文件地址	File address of new exe header	force
新值：	New value:	force
新凭据	New credentials	force
新对象	New objects	force
新对象：	New objects:	force
新建	New	force
新建...	New...	force
新建变量...	New variable...	force
新建服务	New services	force
新建条目	New entry	force
新建进程	New processes	force
新疆	Xinjiang	force
方向	Direction	force
方法： 	Method: 	force
无	N/A	force
无 SEH, 	No SEH, 	force
无 SYN 重试	No SYN retries	force
无 URG	No URG	force
无共享节（直接）	No shared section (direct)	force
无加密	No encryption	force
无压缩	No compression	force
无可启动介质	No bootable media	force
无可用的架构描述。	No schema description available.	force
无可用的预测数据。	No forecast data available.	force
无响应	Not responding	force
无响应次数	Hang count	force
无填充, 	No Padding, 	force
无字典攻击保护	No dictionary attack protections	force
无工作超时: %lu\n	No work timeout: %lu\n	force
无延迟	No delay	force
无提升	No elevation	force
无效	Invalid	force
无效哈希	Invalid hash	force
无效字符串索引	INVALID STRING INDEX	force
无效属性	Invalid Attributes	force
无效状态 (%d)	Invalid state (%d)	force
无效的值。	Invalid value.	force
无效的对象地址。\n	Invalid object address.\n	force
无效的开始菜单文件夹	Invalid Start menu folder	force
无效的最小长度	Invalid minimum length	force
无文本标签	No text labels	force
无校验和	No checksum	force
无法 %s %s	Unable to %s %s	force
无法 %s %s (PID %lu)	Unable to %s %s (PID %lu)	force
无法 %s %s。	Unable to %s %s.	force
无法 %s 句柄 \"%s\" (%s)%s	Unable to %s handle \"%s\" (%s)%s	force
无法 %s 句柄 %s%s	Unable to %s handle %s%s	force
无法 %s 线程 %lu	Unable to %s thread %lu	force
无法%s%s。	Unable to %s %s.	force
无法%s一个或多个%s：	Unable to %s one or more %s:	force
无法%s线程 %lu 的提升优先级	Unable to %s thread %lu	force
无法上传文件	Unable to upload the file	force
无法上传文件数据	Unable to upload the file data	force
无法下载 GeoLite 数据库更新。	Unable to download GeoLite database updates.	force
无法下载 GeoLite 更新。	Unable to download GeoLite update.	force
无法下载响应。	Unable to download the response.	force
无法为值分配内存。	Unable to allocate memory for value.	force
无法为名称分配内存。	Unable to allocate memory for name.	force
无法为所选进程创建进程结构。	Unable to create a process structure for the selected process.	force
无法为此映像配置IFEO优先级。	Unable to configure IFEO priority for this image.	force
无法从该名称推导出服务 SID。	A service SID could not be derived from that name.	force
无法以 SDDL 形式读取安全描述符。	The security descriptor could not be read as SDDL.	force
无法使用进程令牌启动执行别名。	Unable to start the execution alias with a process token.	force
无法保存实时内核转储。	Unable to save the live kernel dump.	force
无法保存应用程序设置。	Unable to save application settings.	force
无法保存资源。	Unable to save resource.	force
无法停止 	Unable to stop 	force
无法克隆该进程	Unable to clone the process	force
无法关闭 \"%s\"	Unable to close \"%s\"	force
无法关闭 TCP 连接	Unable to close the TCP connection	force
无法关闭 TCP 连接。	Unable to close the TCP connection.	force
无法关闭 WSL 实例。	Unable to shutdown WSL instances.	force
无法关闭窗口。	Unable to close the window.	force
无法关闭计算机。	Unable to shut down the computer.	force
无法关闭该计算机。	Unable to shut down the computer.	force
无法写入 POST 头	Unable to write the post header	force
无法写入 POST 尾部	Unable to write the post footer	force
无法写入 TPM	Unable to write to the TPM	force
无法写入内存。	Unable to write memory	force
无法分析线程。	Unable to analyze the thread.	force
无法分离调试器。	Unable to detach the debugger.	force
无法分配字符串缓冲区。	Unable to allocate string buffer.	force
无法分配扫描缓冲区。	The scan buffer could not be allocated.	force
无法创建 CLR 表预览窗口。	Unable to create the CLR table preview window.	force
无法创建 HTTP 套接字。	Unable to create the http socket.	force
无法创建内核小型转储。	Unable to create kernel minidump.	force
无法创建实时内核转储。	Unable to create live kernel dump.	force
无法创建小型转储	Unable to create the minidump	force
无法创建小型转储。	Unable to create the minidump.	force
无法创建搜索线程	Unable to create the search thread	force
无法创建文件	Unable to create the file	force
无法创建文件。	Unable to create the file	force
无法创建服务。	Unable to create the service.	force
无法创建窗口。	Unable to create the window.	force
无法创建窗口上下文。	Unable to create the window context.	force
无法创建窗口属性。	Unable to create the window property.	force
无法创建符号提供程序。	The symbol provider could not be created.	force
无法创建请求。	Unable to create the request.	force
无法初始化堆调试。请确保您正在使用 Windows 7 或更高版本。	Unable to initialize heap debugging. Make sure that you are using Windows 7 or above.	force
无法初始化桌面策略。	Unable to initialize the desktop policy.	force
无法删除 	Unable to delete 	force
无法删除固件变量。	Unable to delete firmware variable.	force
无法删除环境变量。	Unable to delete the environment variable.	force
无法删除窗口属性。	Unable to remove the window property.	force
无法刷新卷文件缓存。	Unable to flush volume file cache.	force
无法刷新堆栈。	Unable to refresh the stack.	force
无法加载 pdb 文件	Unable to load the pdb file	force
无法加载以下插件。	Unable to load the following plugin(s)	force
无法加载内核驱动程序	Unable to load kernel driver	force
无法加载内核驱动程序服务。	Unable to load the kernel driver service.	force
无法加载堆栈。	Unable to load the stack.	force
无法加载归档文件	Unable to load the archive file	force
无法加载插件。	Unable to load plugin.	force
无法加载映像。	Unable to load the image.	force
无法加载设置文件。	Unable to load the settings file.	force
无法加载该文件。	Unable to load the file.	force
无法加载该文件以获取符号。	The file could not be loaded for symbols.	force
无法卸载 	Unable to unload 	force
无法卸载模块	Unable to unload the module	force
无法卸载设备。	Failed to uninstall the device.	force
无法发送消息。	Unable to send the message	force
无法发送请求	Unable to send the request	force
无法发送请求。	Unable to send the request.	force
无法取消同步 I/O	Unable to cancel synchronous I/O	force
无法取消提交内存区域	Unable to decommit the memory region	force
无法取消映射地址 0x%p 的节视图	Unable to unmap the section view at 0x%p	force
无法取消映射节视图	Unable to unmap the section view	force
无法合并内存页。	Unable to combine memory pages.	force
无法启动 	Unable to start 	force
无法启动 System Informer。	Unable to start System Informer.	force
无法启动 Windows 套接字。\n	Windows sockets could not be started.\n	force
无法启动事件跟踪会话：	Unable to start the event tracing session: 	force
无法启动内核事件跟踪会话： 	Unable to start the kernel event tracing session: 	force
无法启动程序。	Unable to start the program.	force
无法启动防火墙事件跟踪会话： 	Unable to start the firewall event tracing session: 	force
无法启用以管理员身份启动。	Unable to enable start as admin.	force
无法启用以管理员身份启动选项。	Unable to enable option start as admin.	force
无法启用工作集监视。	Unable to enable WS watch.	force
无法启用环境特权。	Unable to enable environment privilege.	force
无法在 secur32.dll 中定位登录会话例程。	The logon session routines could not be located in secur32.dll.	force
无法在其模块列表中找到进程自身的映像。	The process's own image could not be found in its module list.	force
无法复制令牌。	Unable to duplicate the token.	force
无法复制句柄 0x%llx（位于 pid %lu），且当前实例没有可用的 System Informer 驱动程序来就地读取它（访问级别：%s）。	Handle 0x%llx in pid %lu could not be duplicated and the System Informer driver is not available to read it in place (access level: %s).	force
无法完成确认。	The confirmation could not be completed.	force
无法完成请求	Unable to complete the request	force
无法完成请求。	Unable to complete the request.	force
无法完成请求（请几分钟后再试）	Unable to complete the request (please try again after a few minutes)	force
无法定位例程。	Unable to locate routines.	force
无法定位文件。	Unable to locate the file.	force
无法定位资源数据。	Unable to locate the resource data.	force
无法将 CDATA 节点添加到父元素 <%s>（第 %d 行）。	Unable to add CDATA node to parent <%s> on line %d.	force
无法将元素节点添加到父元素 <%s>（第 %d 行）。	Unable to add element node to parent <%s> on line %d.	force
无法将具有低强制性标签的映像加载到进程中。\r\n	Images with a Low mandatory label cannot be loaded into the process.\r\n	force
无法将声明节点添加到父元素 <%s>（第 %d 行）。	Unable to add declaration node to parent <%s> on line %d.	force
无法将处理指令节点添加到父元素 <%s>（第 %d 行）。	Unable to add processing instruction node to parent <%s> on line %d.	force
无法将字符串缓冲区扩展至 %lu 字节。	Unable to expand string buffer to %lu bytes.	force
无法将文件映射为 PE 映像；get_image_strings 读取的是可执行文件。	The file could not be mapped as a PE image; get_image_strings reads executables.	force
无法将旧版扩展点 DLL 加载到进程中。注意：uiAccess=true 的进程会自动绕过此策略并注入旧版扩展点 DLL。\r\n	Legacy extension point DLLs cannot be loaded into the process. NOTE: Processes with uiAccess=true will automatically bypass this policy and inject legacy extension point DLLs regardless.\r\n	force
无法将注释节点添加到父元素 <%s>（第 %d 行）。	Unable to add comment node to parent <%s> on line %d.	force
无法将类型为 %s 的值节点添加到父元素 <%s>（第 %d 行）。	Unable to add value node of type %s to parent <%s> on line %d.	force
无法将进程添加到作业	Unable to add the process to the job	force
无法将远程位置的映像加载到进程中。\r\n	Remotely located images cannot be loaded into the process.\r\n	force
无法序列化结果	The result could not be serialized	force
无法序列化资源	The resource could not be serialized	force
无法恢复 	Unable to resume 	force
无法恢复线程 %lu	Unable to resume thread %lu	force
无法打开 LSA 策略	Unable to open LSA policy	force
无法打开事件。	Unable to open the event	force
无法打开事件对。	Unable to open the event pair	force
无法打开令牌。	Unable to open the token.	force
无法打开信号量。	Unable to open the semaphore	force
无法打开名为 %s 的任务文件夹 (0x%08x)。	No task folder named %s could be opened (0x%08x).	force
无法打开文件	Unable to open the file	force
无法打开文件位置。	Unable to open the file location.	force
无法打开文件属性。	Unable to open the file properties.	force
无法打开注册表项。	Unable to open key.	force
无法打开线程	Unable to open the thread	force
无法打开线程。	Unable to open the thread.	force
无法打开计时器。	Unable to open the timer	force
无法打开设备节点（CONFIGRET %lu）。%s	The device node could not be opened (CONFIGRET %lu).%s	force
无法打开该进程	Unable to open the process	force
无法打开进程	Unable to open the process	force
无法打开进程。	Unable to open the process.	force
无法执行命令。	Unable to execute the command.	force
无法执行安装程序。	Unable to execute the setup.	force
无法执行扫描	Unable to perform the scan	force
无法执行扫描。	Unable to perform the scan	force
无法执行程序。	Unable to execute the program.	force
无法执行该命令。	Unable to execute the command.	force
无法执行该操作。	Unable to perform the operation.	force
无法找到 App\\\\SystemInformer\\\\SystemInformer.exe，便携包可能不完整或已损坏。	Unable to find App\\\\SystemInformer\\\\SystemInformer.exe; the portable package may be incomplete or corrupt.	force
无法找到 ETW 发布者 GUID。	Unable to find the ETW publisher GUID.	force
无法找到 System Informer 的 32 位版本。	The 32-bit version of System Informer could not be located.	force
无法找到具有该 SecurityID 的文件。	Unable to locate files with the SecurityId.	force
无法找到应用程序目录。	Unable to locate the application directory.	force
无法找到所选地址对应的内存区域。	Unable to find the memory region for the selected address.	force
无法找到文件。	Unable to locate the file.	force
无法找到目标。	Unable to locate the target.	force
无法找到该文件。	Unable to locate the file.	force
无法挂起 	Unable to suspend 	force
无法挂起线程 %lu	Unable to suspend thread %lu	force
无法接收响应	Unable to receive the response	force
无法接收请求。	Unable to receive the request.	force
无法提交 Detours 事务。	Unable to commit detours transaction.	force
无法提交 detours 事务。	Unable to commit the detours transaction.	force
无法搜索字符串。	Unable to search for strings.	force
无法断开会话	Unable to disconnect the session	force
无法映射区段视图。	Unable to map a view of the section.	force
无法显示 Whois 窗口。	Unable to display the whois window.	force
无法显示查找对话框。	Unable to display the find dialog.	force
无法显示窗口属性。	Unable to display window properties.	force
无法显示进程属性。	Unable to show the process properties.	force
无法暂停 	Unable to pause 	force
无法更改亲和性设置。	Unable to change the affinity settings.	force
无法更改内存保护。	Unable to change memory protection	force
无法更改服务信息。	Unable to change service information.	force
无法更改服务恢复信息。	Unable to change service recovery information.	force
无法更改服务触发器信息。	Unable to change service trigger information.	force
无法更改服务配置。	Unable to change service configuration.	force
无法更改线程 %lu 的亲和性	Unable to change affinity of thread %lu	force
无法更改线程关键状态。	Unable to change the thread critical status.	force
无法更改设备状态。	Failed to change the device state.	force
无法更改进程 %lu 的亲和性	Unable to change affinity of process %lu	force
无法更新 EFI 变量。	Unable to update the EFI variable.	force
无法更新图形调度优先级	Unable to update graphics scheduling priority	force
无法更新用于IO优先级的IFEO。	Unable to update the IFEO for IO priority.	force
无法更新用于优先级的IFEO。	Unable to update the IFEO for priority.	force
无法更新用于优先级的IFEO项。	Unable to update the IFEO key for priority.	force
无法更新用于页优先级的IFEO。	Unable to update the IFEO for page priority.	force
无法更新窗口属性。	Unable to update the window property.	force
无法更新线程亲和性	Unable to change affinity settings.	force
无法更新线程亲和性：\r\n%s	Unable to update affinity for thread(s):\r\n%s	force
无法更新长度。	Unable to update the length.	force
无法替换任务管理器	Unable to replace Task Manager	force
无法枚举依赖方：	Unable to enumerate dependents: 	force
无法枚举依赖项：	Unable to enumerate dependencies: 	force
无法枚举对象。	Unable to enumerate the objects.	force
无法枚举映像资源。	Unable to enumerate the image resources.	force
无法枚举此进程的模块。	The modules of this process could not be enumerated.	force
无法枚举进程	Unable to enumerate processes	force
无法枚举进程内存。	The process memory could not be enumerated.	force
无法枚举进程句柄。	Unable to enumerate process handles	force
无法查询 32 位堆信息。	Unable to query 32bit heap information.	force
无法查询 EFI 变量。	Unable to query the EFI variable.	force
无法查询 HTTP 头	Unable to query http headers	force
无法查询 TPM	Unable to query the TPM	force
无法查询IO优先级。	Unable to query IO priority.	force
无法查询优先级。	Unable to query priority.	force
无法查询内存信息：\n%s	Unable to query memory information:\n%s	force
无法查询区段。	Unable to query the section.	force
无法查询句柄信息:\n%s	Unable to query handle information:\n%s	force
无法查询固件表。	Unable to query firmware table.	force
无法查询图形调度优先级	Unable to query graphics scheduling priority	force
无法查询堆信息。	Unable to query heap information.	force
无法查询当前亲和性。	Unable to query the current affinity.	force
无法查询当前的亲和性。	Unable to query the current affinity.	force
无法查询提供程序信息：\n	Unable to query provider information:\n	force
无法查询文件布局信息：\n	Unable to query file layout information:\n	force
无法查询服务。	Unable to query the service.	force
无法查询服务信息。	Unable to query service information.	force
无法查询服务恢复信息。	Unable to query service recovery information.	force
无法查询服务触发器信息。	Unable to query service trigger information.	force
无法查询模块信息:\n%s	Unable to query module information:\n%s	force
无法查询模块引用。	Unable to query module references.	force
无法查询环境信息：\n	Unable to query environment information:\n	force
无法查询目录对象。	Unable to query directory object.	force
无法查询该进程。	Unable to query the process.	force
无法查询进程亲和性。	Unable to query process affinity.	force
无法查询进程提升。	Unable to query process boost.	force
无法查询进程效率模式。	Unable to query process efficiency mode.	force
无法查询锁信息。	Unable to query lock information.	force
无法查询页优先级。	Unable to query page priority.	force
无法查询页面文件信息。	Unable to query pagefile information.	force
无法检索卸载事件跟踪信息。	Unable to retrieve unload event trace information.	force
无法注册窗口类。	Unable to register window class.	force
无法注销会话	Unable to logoff the session	force
无法注销该计算机。	Unable to log off the computer.	force
无法添加窗口属性。	Unable to add window property.	force
无法添加请求头	Unable to add request headers	force
无法清空优先级 0 备用列表。	Unable to empty priority 0 standby list.	force
无法清空内存列表。	Unable to empty the memory list.	force
无法清空区域工作集。	Unable to empty the region working set.	force
无法清空压缩存储。	Unable to empty compression stores.	force
无法清空备用列表。	Unable to empty standby lists.	force
无法清空工作集。	Unable to empty working sets.	force
无法清空已修改页列表。	Unable to empty modified page lists.	force
无法清空注册表缓存。	Unable to empty registry cache.	force
无法清空系统文件缓存。	Unable to empty system file cache.	force
无法生成提示	The prompt could not be built	force
无法确定线程是否正在等待。	Unable to determine whether the thread is waiting.	force
无法确定线程正在等待的原因。	Unable to determine why the thread is waiting.	force
无法禁用 UIAccess 标志。	Unable to disable UIAccess flag.	force
无法移除对象标识符。	Unable to remove the object identifier.	force
无法移除特性。	Unable to remove attribute.	force
无法移除重分析点。	Unable to remove the reparse point.	force
无法终止 	Unable to terminate 	force
无法终止任务。	Unable to terminate the task.	force
无法终止作业	Value	force
无法终止线程 %lu	Unable to terminate thread %lu	force
无法终止进程	Unable to terminate the process	force
无法继续 	Unable to continue 	force
无法编译正则表达式。	Unable to compile the regular expression.	force
无法编辑内存	Unable to edit memory	force
无法编辑内存区域。	Unable to edit the memory region.	force
无法获取进程启动键。	Failed to get process start key.	force
无法解析响应。	Unable to parse the response.	force
无法解析该路径。	The path could not be resolved.	force
无法解析请求	Unable to parse the request	force
无法计算文件哈希	Unable to hash the file	force
无法让该计算机进入休眠。	Unable to hibernate the computer.	force
无法让该计算机进入睡眠。	Unable to sleep the computer.	force
无法设置 I/O 优先级 	Unable to set the I/O priority of 	force
无法设置 I/O 优先级 线程 %lu	Unable to set the I/O priority of thread %lu	force
无法设置优先级类 	Unable to set the priority class of 	force
无法设置完整性标签	Unable to set the integrity label	force
无法设置完整性级别。	Unable to set the integrity level	force
无法设置环境变量。	Unable to set the environment variable.	force
无法访问转储文件	Unable to access the dump file	force
无法识别的值 (%d)	Unrecognized value (%d)	force
无法识别的协议 %d	Unrecognized protocol %d	force
无法识别的命令。\n	Unrecognized command.\n	force
无法识别的地址族 %d	Unrecognized address family %d	force
无法识别的状态 (%d)	Unrecognized state (%d)	force
无法识别的类型 (%d)	Unrecognized type (%d)	force
无法读取 TPM	Failed to read TPM	force
无法读取内存。	Unable to read memory	force
无法读取度量启动日志	Unable to read the measured boot log	force
无法读取文件	Unable to read the file	force
无法读取文件以计算哈希。	The file could not be read to hash it.	force
无法读取日志文件	Unable to read the log file	force
无法读取系统页面大小。	The system page size could not be read.	force
无法读取线程 %llu 的创建时间，因此无法校验其标识。	The creation time of thread %llu could not be read, so its identity could not be checked.	force
无法读取资源参数	Resource arguments could not be read	force
无法远程控制会话。	Unable to shadow session.	force
无法远程控制当前会话。	You cannot remote control the current session.	force
无法连接到任务计划程序 (0x%08x)。	The task scheduler could not be reached (0x%08x).	force
无法连接到会话	Unable to connect to the session	force
无法连接到服务。	Unable to connect to the service.	force
无法选中该进程。	Unable to select the process.	force
无法配置启动应用。	Unable to configure the boot application.	force
无法配置此选项。	Unable to configure this option.	force
无法配置终止策略。	Unable to configure the termination policy.	force
无法配置高级启动选项。	Unable to configure the advanced boot options.	force
无法释放内存区域	Unable to free the memory region	force
无法重启 	Unable to restart 	force
无法重启到固件选项。	Unable to restart to firmware options.	force
无法重启计算机。	Unable to restart the computer.	force
无法重启该计算机。	Unable to restart the computer.	force
无法重新启动。	Unable to restart.	force
无法重新启动设备。	Failed to restart the device.	force
无法重新启动该应用程序。	Unable to restart the application.	force
无法销毁该窗口。	Unable to destroy the window.	force
无法锁定该计算机。	Unable to lock the computer.	force
无法预览 CLR 表行	Unable to preview CLR table rows	force
无法预览 CLR 表行，因为 CLR 元数据不可用。	Unable to preview CLR table rows because CLR metadata is unavailable.	force
无符号	no symbols	force
无签名	No signature	force
无类型	No type	force
无约束	Unconstrained	force
无线网卡	Wireless LAN	force
无缓冲	No buffering	force
无缓存	No cache	force
无设备内存分配	no device-memory allocation	force
无访问权限	No Access	force
无进程	No process	force
无连接	Connectionless	force
无连接声音	No connect sound	force
无错误	No error	force
无限制	Unlimited	force
无隔离, 	No isolation, 	force
无需授权	Not required	force
无驱动	no driver	force
日历	Calendar	force
日志	Logging	force
日志\bCtrl+L	Log	force
日志\bCtrl+L	Log	force
日志文件 (*.txt;*.log)	Log files (*.txt;*.log)	force
日期	Date	force
旧式	Legacy	force
旧式总线类型	Legacy bus type	force
旧版	Legacy	force
旧版驱动	Legacy driver	force
时段模板：%s\r\n	Period template: %s\r\n	force
时段模板：%s（%s）\r\n	Period template: %s (%s)\r\n	force
时段类型	Period type	force
时段设置为典型参考值，请以当地公告为准。	The period is set to typical reference values; refer to local announcements.	force
时段配置格式无效。\n格式：类型:起-止;...（1=低谷 2=平段 3=高峰 4=尖峰）\n例如：1:23:00-7:00;3:7:00-10:00;4:10:00-12:00	Invalid period configuration.\nFormat: type:start-end;... (1=valley 2=flat 3=peak 4=critical peak)\nExample: 1:23:00-7:00;3:7:00-10:00;4:10:00-12:00	force
时段长度	Period length	force
时间	Time	force
时间 1	Time 1	force
时间 2	Time 2	force
时间 3	Time 3	force
时间 4	Time 4	force
时间&关键	Time critical	force
时间戳	Time stamp	force
时间等待	Time wait	force
时间线	Timeline	force
易失	Volatile	force
易失元数据	Volatile Metadata	force
易失性	Volatile	force
易失性 RVA 表	Volatile RVA Table	force
易失性内存备份设备故障	Volatile memory backup device failed	force
易失性大小	Volatile size	force
易失性范围表	Volatile Range Table	force
映像	Image	force
映像一致性	Image coherency	force
映像一致性支持已禁用。	Image coherency support is disabled.	force
映像信息	Image information	force
映像加载	Image Load	force
映像受限 (	Images restricted (	force
映像名称	Image name	force
映像和 DLL	Images and DLLs	force
映像基址	ImageBase	force
映像基址：	Image base:	force
映像基址：0x%I64x\r\n映像长度：0x%I64x\r\n链接时地址：0x%I64x\r\n设备路径长度：%I64u 字节	Image base: 0x%I64x\r\nImage length: 0x%I64x\r\nLink-time address: 0x%I64x\r\nDevice path length: %I64u bytes	force
映像大小	Image size	force
映像数字签名支持已禁用。	Image digital signature support disabled.	force
映像文件名 (Win32)：	Image file name (Win32):	force
映像文件名：	Image file name:	force
映像熵	Image entropy	force
映像类型：	Image type:	force
映像资源, 	Image resource, 	force
映像验证	Image Verify	force
映射	Mapped	force
映射 AWE, 	Mapped AWE, 	force
映射 I/O	Mapped IO	force
映射 WriteWatch, 	MappedWriteWatch, 	force
映射以写入	Map for write	force
映射以执行	Map for execute	force
映射以执行（显式）	Map for execute (explicit)	force
映射以读取	Map for read	force
映射写入	Mapped writes	force
映射写入增量	Mapped writes delta	force
映射数据文件, 	MappedDataFile, 	force
映射文件	Mapped file	force
映射文件、映射映像和 Enclave 模块。	Mapped files, mapped images, and enclave modules.	force
映射映像	Mapped image	force
映射映像, 	MappedImage, 	force
映射模块	Mapped modules	force
映射物理内存, 	MappedPhysical, 	force
映射读取	Mapped reads	force
映射页面文件, 	MappedPageFile, 	force
春秋季	Spring  autumn	force
是	Yes	force
是 (受限)	Yes (Limited)	force
是 (完全)	Yes (Full)	force
是 (默认)	Yes (Default)	force
是否下载 Canary 版本？	Would you like to download the Canary build?	force
是否下载 Developer 版本？	Do you want to download the Developer version?	force
是否下载 Preview 版本？	Do you want to download the Preview version?	force
是否下载 Release 版本？	Would you like to download the Release build?	force
是否下载更新？	Would you like to download the update?	force
是否为表单必填	Is Required For Form	force
是否使用替代的驱动程序加载方法重试？	Try again with alternate driver load method?	force
是否取消安装？	Cancel Setup?	force
是否可获得键盘焦点	Is Keyboard Focusable	force
是否启用	Is Enabled	force
是否密码	Is Password	force
是否将 System Informer 设为默认的 Windows 任务管理器？	Do you want to make System Informer the default Windows Task Manager?	force
是否屏幕外	Is Offscreen	force
是否恢复为默认的 Windows 任务管理器？	Do you want to restore the default Windows Task Manager?	force
是否拥有键盘焦点	Has Keyboard Focus	force
是否清理未使用的设置？	Do you want to clean up unused settings?	force
是否现在重启 System Informer？	Do you want to restart System Informer now?	force
是否要	Do you want to 	force
是否要 	Do you want to 	force
是否要在桌面上创建小型转储（minidump）？	Do you want to create a minidump on the desktop?	force
是否要替换 %s 的注释？当前注释为\n    \"%s\"\n替换为\n    \"%s\"？	Do you want to replace the comment for %s which is currently\n    \"%s\"\nwith\n    \"%s\"?	force
是否要清理未使用的设置？	Do you want to clean up unused settings?	force
是否要立即重新启动 PE Viewer？	Do you want to restart PE Viewer now?	force
是否要继续？	Do you want to continue?	force
是否要重置所有设置并重新启动 PE Viewer？	Do you want to reset all settings and restart PE Viewer?	force
是否转换为正则表达式？反斜杠将被转义，通配符将被扩展。	Convert it to a regular expression? Backslashes will be escaped and wildcards expanded.	force
是否重置所有设置并重启 System Informer？	Do you want to reset all settings and restart System Informer?	force
显示 >	Show >	force
显示 CPU 占用&低于 0.01	Show CPU below 0.01	force
显示/隐藏 System Informer	Show/Hide System Informer	force
显示、隐藏或调整以下窗口的大小	show, hide or resize the following window	force
显示以下桌面的窗口：	Display windows for the following desktop:	force
显示分配	Show allocations	force
显示卸载界面	Show uninstall UI	force
显示名称	Display name	force
显示名称：	Display name:	force
显示器必需持续时间	Display required duration	force
显示已断开设备	Show disconnected devices	force
显示已禁用设备接口	Show disabled device interfaces	force
显示所有用户的进程	Show processes for all users	force
显示所有进程的详细信息	Show details for all processes	force
显示文本	Show text	force
显示文本标签	Show text labels	force
显示更新通知而非更新提示	Show update notifications instead of update prompts	force
显示桌面窗口	Show desktop windows	force
显示物理适配器	Show physical adapters	force
显示的列...	Active columns...	force
显示设备接口	Show device interfaces	force
显示设置	Scheduling class	force
显示资源...	Display resource...	force
显示软件组件	Show software components	force
显示输出	Display outputs	force
显示隐藏的设备	Show hidden devices	force
显示隐藏的适配器	Show hidden adapters	force
显示驱动器卷(&O)	Show drive volume	force
显示高级选项	Show advanced options	force
普通图标 (静态)	System Informer icon (static)	force
普通标志	Normal flag	force
智能体工具	Agent Tools	force
智能体工具 - 智能体	Agent Tools - Agents	force
智能体请求被拒绝	Agent request denied	force
智能体连接被拒绝	Agent connection denied	force
智能电池	Smart battery	force
暂停	pause	force
暂停(&P)	Pause	force
暂停(&S)	Suspend	force
暂停/继续	Pause / continue	force
暂停以下服务	pause the following service	force
暂停接受	Pause accept	force
暂停服务可能会导致系统无法正常运行。	Pausing a service might prevent the system from functioning properly.	force
暴力扫描	Brute force	force
暴力扫描\r\n	Brute Force\r\n	force
更多(&M)	More	force
更改	Change	force
更改令牌	Change token	force
更改以下服务的配置	change the configuration of the following service	force
更改优先级	change priority of	force
更改可能需要重启才能生效。	Changes may require a restart to take effect.	force
更改密码	Change password	force
更改执行必需状态	change the execution required state	force
更改提升优先级	change boost priority of	force
更改时间	Change time	force
更改权限	Change permissions	force
更改状态	Change the state of	force
更改的搜索路径, 	Altered search path, 	force
更改窗口	Change a window of	force
更改设备状态失败。	Failed to change the device state.	force
更改设置后需要重启 System Informer。	Changes to settings will require a restart of System Informer.	force
更改进程的完整性标签可能产生不良后果、不稳定或数据损坏。	Altering the integrity label for a process may produce undesirable results, instability or data corruption.	force
更改配置	Change the configuration of	force
更改需要重新启动 System Informer。	Changes will require a restart of System Informer.	force
更改默认任务管理器	Changing the default Task Manager	force
更新	update	force
更新 MaxMind 许可证密钥	Update MaxMind License Key	force
更新到最新版本时出错。	Error updating to the latest version.	force
更新器	Updater	force
更新器选项	Updater Options	force
更新失败。	Update failed.	force
更新完成。	Update complete.	force
更新密钥	Update Key	force
更新已下载并安装。\r\n\r\n请重启 System Informer 以应用更新。	The update has been downloaded and installed.\r\n\r\nRestart System Informer to apply the update.	force
更新已安装。	Update installed.	force
更新并关机	update and shutdown	force
更新并重启	update and restart	force
更新时间	Updated time	force
更新检查器	Update Checker	force
更新程序	Updater	force
曾有完成列表	Had completion list	force
替代 DC	Alt. DC	force
替换	Supersede	force
最低	Lowest	force
最低支持版本	Lowest supported version	force
最低电压	Minimum voltage	force
最佳	Best	force
最佳匹配继承自程序集, 	Bestfit assembly, 	force
最后 ACK	Last ACK	force
最后 USN	LastUsn	force
最后到达	Last arrival	force
最后移除	Last removal	force
最后输入时间	Last input time	force
最大: %.2f 毫秒	Maximum: %.2f ms	force
最大: 0.00 毫秒	Maximum: 0.00 ms	force
最大GPU频率	Max GPU Frequency	force
最大值	Maximum	force
最大分配大小	Maximum allocation size	force
最大功率容量	Max power capacity	force
最大化	Maximize	force
最大单位：	Max. size unit:	force
最大发送大小	Maximum send size	force
最大合并大小	Maximum coalesced size	force
最大大小	Maximum size	force
最大实例数	Max instances	force
最大容量	Maximum capacity	force
最大工作集	Maximum working set	force
最大模块大小	Maximum module size	force
最大段大小	Maximum segment size	force
最大消息大小	Maximum message size	force
最大线程数: %lu\n	Maximum threads: %lu\n	force
最大计数：	Maximum count:	force
最大误差	Maximum error	force
最大负载	Maximum load	force
最大速度	Max speed	force
最小\n包含有限数据的受限转储。	Minimal\nA very limited dump with limited data.	force
最小: %.2f 毫秒	Minimum: %.2f ms	force
最小: 0.00 毫秒	Minimum: 0.00 ms	force
最小值	Minimum	force
最小化	Minimize	force
最小化时隐藏	Hide when minimized	force
最小工作集	Minimum working set	force
最小往返时间	Minimal round-trip	force
最小时钟周期计数	Minimum tick count	force
最小线程数: %lu\n	Minimum threads: %lu\n	force
最小长度...	Minimum length...	force
最小长度必须至少为 4。	The minimum length must be at least 4.	force
最小长度无效。	The minimum length is invalid.	force
最小长度：	Minimum length:	force
最终回退位置	UltimateFallback location	force
最终回退语言	UltimateFallbackLanguage	force
最终活动静态大小	Final Live Static Size	force
最高 CPU 进程	Max. CPU process	force
最高 I/O 进程	Max. I/O process	force
最高电压	Maximum voltage	force
月	Months	force
有 Oplock 即完成	Complete if oplocked	force
有序	Orderly	force
有效	Valid	force
有效数据长度	Valid Data Length	force
有效访问掩码	Valid Access Mask	force
有效载荷限制	Payload restrictions	force
有新版 System Informer 可供下载。	A newer build of System Informer is available.	force
有新版本的 System Informer 可供使用	New version of System Informer available	force
有问题	Has problem	force
服务	Services	force
服务 	The service 	force
服务 %s	service %s	force
服务 %s (%s)	service %s (%s)	force
服务 DLL：	Service DLL:	force
服务 SID	Service SIDs	force
服务 SID：	Service SID:	force
服务(&V)	Services	force
服务(&V) (%s)	Service (%s)	force
服务器	Server	force
服务器信任账户	Server trust account	force
服务器刀片	Server blade	force
服务器已停止。	Server stopped.	force
服务器运行中。管道: %s%s%u	Server running. Pipe: %s%s%u	force
服务器连接	Server connection	force
服务器通信	Server communication	force
服务已修改	Service modified	force
服务已修改：	Service modified:	force
服务已修改：%s (%s)	Service modified: %s (%s)	force
服务已停止	Service Stopped	force
服务已停止：	Service stopped:	force
服务已停止：%s (%s)	Service stopped: %s (%s)	force
服务已创建	Service created	force
服务已创建：	Service created:	force
服务已创建：%s (%s)	Service created: %s (%s)	force
服务已删除	Service Deleted	force
服务已删除：	Service deleted:	force
服务已删除：%s (%s)	Service deleted: %s (%s)	force
服务已启动	Service started	force
服务已启动：	Service started:	force
服务已启动：%s (%s)	Service started: %s (%s)	force
服务已暂停	Service paused	force
服务已暂停：	Service paused:	force
服务已暂停：%s (%s)	Service paused: %s (%s)	force
服务已继续	Service continued	force
服务已继续：	Service resumed:	force
服务已继续：%s (%s)	Service resumed: %s (%s)	force
服务控制管理器	Service Control Manager	force
服务数字签名支持已禁用。	Service digital signature support disabled.	force
服务标志	Service flags	force
服务校验和	Service Checksum	force
服务类型	Type-of-service	force
服务组名：\n    	Service group name:\n    	force
服务进程	Service processes	force
服务：\n	Services:\n	force
未优化	Not optimized	force
未使用的安全 Cookie, 	Unused security cookie, 	force
未修饰名称	Undecorated name	force
未分配簇, 	No clusters allocated, 	force
未初始化数据 	UninitializedData 	force
未初始化数据, 	Uninitialized data, 	force
未启动：%s	Not started: %s	force
未启动：管道已存在（此会话中的另一个实例）。	Not started: the pipe already exists (another instance in this session).	force
未启用	Not enabled	force
未命名设备	Unnamed Device	force
未在其首选映像基址加载的 DLL。	DLLs that were not loaded at their preferred image bases.	force
未在其首选映像基址加载的模块。	Modules that were not loaded at their preferred image base.	force
未处理异常时终止	Limited	force
未安装	Not installed	force
未定义	Undefined	force
未实现	Not implemented	force
未感知	Unaware	force
未感知 (GDI 缩放)	Unaware (GDI scaled)	force
未找到内核驱动程序。	The kernel driver was not found.	force
未找到动态配置。	The dynamic configuration was not found.	force
未拥有	Not Owned	force
未指定	Not specified	force
未授权	Unauthorized	force
未检查	Unchecked	force
未知	Unknown	force
未知 (%d)	Unknown (%d)	force
未知 (0x%Ix)	Unknown (0x%Ix)	force
未知 SRAT 条目类型 	Unknown SRAT Entry Type 	force
未知。\r\n	Unknown.\r\n	force
未知堆	Unknown Heap	force
未知操作	Unknown action	force
未知时间	Unknown time	force
未知映像	unknown image	force
未知用户	unknown user	force
未知的工具	Unknown tool	force
未知的提示	Unknown prompt	force
未知的资源	Unknown resource	force
未知类型	unknown type	force
未知网络适配器	Unknown network adapter	force
未知设备	Unknown Device	force
未知路径	Unknown path	force
未知进程	Unknown process	force
未知进程（%u）	Unknown process (%u)	force
未知适配器	Unknown Adapter	force
未知错误	Unknown error	force
未知错误。	Unknown error.	force
未签名	Unsigned	force
未经确认即允许	allowed without confirmation	force
未经过数字签名或其他方式不受信任的模块。	Modules that are not digitally signed or otherwise untrusted.	force
未经过数字签名的服务和 DLL。	Services and DLLs which are not digitally signed.	force
未编制索引	Not indexed	force
未表明身份	unidentified	force
未设置	Not set	force
未设置 - 可选	Unset - optional	force
未识别的第三方对象。	Unidentified third party object.	force
未连接	Unconnected	force
未连接的磁盘驱动器	Disconnected	force
本产品包含由 MaxMind 创建的 GeoLite2 数据，可从 <a href=\"https://www.maxmind.com\">https://www.maxmind.com</a> 获取。\r\n\r\n选择下载以继续。	This product includes GeoLite2 data created by MaxMind, available from <a href=\"https://www.maxmind.com\">https://www.maxmind.com</a>\r\n\r\nSelect download to continue.	force
本会话内允许	Allow for this session	force
本会话的授权：	Authorization this session:	force
本会话：	This session:	force
本地 APIC 地址	Local APIC address	force
本地 NMI 源	Local NMI source	force
本地 TID	Local TID	force
本地主机名	Local hostname	force
本地化控件类型	Localized Control Type	force
本地地址	Local address	force
本地地址类别	Local address class	force
本地地址范围	Local address scope	force
本地执行	Execute local	force
本地服务	Local Service	force
本地激活	Activate local	force
本地端口	Local port	force
本地端口服务	Local port service	force
本地非易失性	Local non-volatile	force
本机容器	Local machine container	force
本机映像路径	Native image path	force
本进程的 Eco 模式	Eco mode for this process	force
机器	Machine	force
机架式	Rack mount	force
机箱	Chassis	force
机箱句柄	Chassis handle	force
机箱风扇	Cabinet fan	force
权&限	Permissions	force
权限	Permissions	force
权限安全	Permissions	force
条件接受, 	Conditional accept, 	force
条目数	Entries	force
条目数：%u，大小：%s	Entries: %u, Size: %s	force
条目计数	Entry count	force
来宾	Guest	force
来宾访问	Guest access	force
来宾访问（当前）	Guest access (current)	force
来源 LUID	Origin LUID	force
来自 %s 的消息	Message from %s	force
板类型	Board type	force
板载 IDE	On board IDE	force
板载设备	On board device	force
板载软盘	On board floppy	force
板载输入 CD-ROM	On board input CD-ROM	force
极低	Very Low	force
极性	Polarity	force
极短时间	Very short time	force
枚举	Enum	force
枚举不可见窗口	Enumerate non-visible windows	force
枚举仅消息窗口	Enumerate message-only windows	force
枚举会话	Enumerating the sessions	force
枚举依赖项	Enumerate dependents	force
枚举句柄	Enumerating handles	force
枚举器	Enumerator	force
枚举器已加载	Enumerator loaded	force
枚举图形适配器	Enumerating the graphics adapters	force
枚举域	Enumerate domains	force
枚举子项	Enumerate subkeys	force
枚举服务	Enumerate services	force
枚举服务控制管理器	Enumerating the service control manager	force
枚举桌面	Enumerate desktops	force
枚举模块	Enumerating modules	force
枚举登录会话	Enumerating the logon sessions	force
枚举磁盘设备	Enumerating the disk devices	force
枚举窗口	Enumerate windows	force
枚举线程	Enumerating threads	force
枚举网络连接失败。	Enumerating the network connections failed.	force
枚举网络适配器	Enumerating the network adapters	force
枚举进程	Enumerating the processes	force
枚举进程内存	Enumerating the process memory	force
枚举进程的模块	Enumerating the process's modules	force
枚举防火墙事件	Enumerating the firewall events	force
架构	Architecture	force
某些程序可能会在编辑进程的环境变量时限制访问或封禁您的帐户。	Some programs may restrict access or ban your account when editing the environment variable(s) of the process.	force
某些程序在向进程加载模块时可能会限制访问或封禁您的账户。	Some programs may restrict access or ban your account when loading modules into the process.	force
查找	Find	force
查找句柄或 DLL	Find Handles or DLLs	force
查找句柄或 DLL...\bCtrl+F	Find Handles or DLLs...	force
查找句柄或 DLL...\bCtrl+F	Find handles or DLLs...	force
查找名称	Lookup names	force
查找哪些进程正在使用某文件	find which processes are using a file	force
查找域	Lookup domain	force
查找对象	Finding the object	force
查找指向某对象的所有句柄	find every handle to one object	force
查找文件...	Find files...	force
查找映像在内存中的已修改页	find the modified pages of an image in	force
查找映像的已修改页	Find the modified image pages in	force
查找窗口	Find window	force
查找窗口和线程	Find window and thread	force
查找窗口并终止	Find window and kill	force
查找窗口时使用屏幕覆盖层	Use screen overlay when finding windows	force
查找窗口时使用快照拾取器	Use snapshot picker when finding windows	force
查看	View	force
查看 <a href=>如何生成许可证密钥</a>	Checkout <a href=>How-to-generate-a-license-key</a>	force
查看 <a href=https://support.maxmind.com/hc/en-us/articles/4407111582235-Generate-a-License-Key>如何生成许可证密钥</a>	Checkout <a href=https://support.maxmind.com/hc/en-us/articles/4407111582235-Generate-a-License-Key>How-to-generate-a-license-key</a>	force
查看上次分析\n查看上次或过期的分析页面	View last analysis\nView the last or outdated analysis page	force
查看和操作窗口。	View and manipulate windows.	force
查看审核信息	View audit information	force
查看本地信息	View local information	force
查看活动映射需要连接到内核驱动程序。	Viewing active mappings requires a connection to the kernel driver.	force
查看证书...	View certificate...	force
查询	Query	force
查询 ALPC 端口	Querying the ALPC port	force
查询 Hybrid Analysis	Asking Hybrid Analysis	force
查询 POSIX	Query POSIX	force
查询 VirusTotal	Asking VirusTotal	force
查询 whois 服务器	Query whois servers about	force
查询信息	Query information	force
查询值	Query value	force
查询内存	Querying memory	force
查询地址所属的国家	look up which country an address belongs to	force
查询域名	Query domain name	force
查询域控制器	Query controllers	force
查询失败	Failed to query	force
查询数值	Query values	force
查询文件	Querying the file	force
查询有限信息	Query limited information	force
查询源	Query source	force
查询状态	Query status	force
查询移除挂起	Query remove pending	force
查询移除进行中	Query remove active	force
查询节区映射	Querying the section mappings	force
查询账户与 SID	look up accounts and SIDs	force
查询身份验证	Query authentication	force
查询配置	Query configuration	force
查询锁定状态	Query lock status	force
标准	Standard	force
标准加载的原生模块，包括受信任的 Microsoft 模块。	Standard loaded native modules, including trusted Microsoft modules.	force
标准矩形	Normal rectangle	force
标志	Flags	force
标志: %s (0x%lx)	Flags: %s (0x%lx)	force
标志: %u\n	Flags: %u\n	force
标志: %x\n	Flags: %x\n	force
标志：	Flags:	force
标志：\n	Flags:\n	force
标称值	Nominal value	force
标称速度	Nominal speed	force
标签	Label	force
标签名	Tag Name	force
标签提供者	Labeled By	force
标记	Tag	force
标识	Identification	force
标识符	Identifier	force
标题栏	TitleBar	force
标题：	Title:	force
栈%s (线程 %lu)	Stack%s (thread %lu)	force
栈使用率	Stack usage	force
树	Tree	force
树形	Tree	force
树连接	Tree connect	force
树项	TreeItem	force
校验和	Checksum	force
校验和：	Checksum:	force
样式	Styles	force
样式：%u，宽度：%u，颜色：0x%08x	Style: %u, Width: %u, Color: 0x%08x	force
样式：%u，颜色：0x%08x，影线：0x%Ix	Style: %u, Color: 0x%08x, Hatch: 0x%Ix	force
样式：0x%x，宽度：%u，颜色：0x%08x	Style: 0x%x, Width: %u, Color: 0x%08x	force
核心	Cores	force
核心:	Core:	force
核心数	Core count	force
格式：类型:起-止;...（1=低谷 2=平段 3=高峰 4=尖峰，可跨午夜，未覆盖时段为平段）	Format: type:start-end;... (1=valley, 2=flat, 3=peak, 4=spike; may span midnight; uncovered periods are flat)	force
框架 ID	Framework ID	force
桌面	Desktop	force
桌面信息	Desktop information	force
桌面可见持续时间	Desktop visible duration	force
桌面堆	Desktop Heap	force
桌面窗口	Desktop Windows	force
桌面窗口(&P)...	Desktop Windows...	force
桌面：	Desktop:	force
桥接 STA	Bridge STA	force
检查	Inspect	force
检查 ALPC 端口	inspect an ALPC port	force
检查 System Informer 更新版本？	Check for an updated System Informer release?	force
检查(&C)	Check	force
检查(&I)	Inspect	force
检查内核堆栈需要连接到内核驱动程序。	Inspecting kernel stacks requires a connection to the kernel driver.	force
检查内核对象	inspect a kernel object	force
检查句柄	inspect the handle	force
检查句柄背后的对象	inspect the object behind a handle	force
检查可执行文件...	Inspect executable file...	force
检查可执行映像	inspect executable images	force
检查映像一致性	Check images for coherency	force
检查映像数字签名	Check images for digital signatures	force
检查更新(&U)	Check for updates	force
检查服务数字签名	Check services for digital signatures	force
检查本机映像	Inspect native image	force
检测 Unicode	Detect Unicode	force
检测到用户已初始化	Detected user initialized	force
检测数：	Detections:	force
棒式	Sick	force
槽位	Slot	force
模块	Modules	force
模块产品 ID	Module product ID	force
模块制造商 ID	Module manufacturer ID	force
模块名	Module name	force
模块电压	Module voltage	force
模式	Mode	force
模式能力	Mode capabilities	force
模式：内核	Mode: Kernel	force
模式：峰谷电价	Mode: peak-valley tariff	force
模式：用户	Mode: User	force
模式：电网预测	Mode: grid forecast	force
模式：自动	Desktops	force
模态循环中的 UI 消息	UI messages in modal loop	force
模拟	Impersonation	force
模拟级别	Impersonation level	force
模糊哈希	Fuzzy hashes	force
次日 	Next day 	force
次版本	Minor release	force
欢迎使用 System Informer 卸载向导	Welcome to the System Informer Uninstall Wizard	force
欢迎使用 System Informer 安装向导	Welcome to the System Informer Setup Wizard	force
正则表达式	Regular Expression	force
正则表达式...	Regex...	force
正则表达式将与完整文件路径匹配；仅用于自动扫描。	Regex matched against the full file path; automatic scanning only.	force
正则表达式（不区分大小写）...	Regex (case-insensitive)...	force
正在 Ping %s，数据包大小 %lu 字节...	Pinging %s with %lu bytes of data...	force
正在 Ping X，数据包大小 X 字节：	Pinging X with X bytes of data:	force
正在上传 %s...	Uploading %s...	force
正在下载	Downloading	force
正在下载 %s 渠道 %s...	Downloading%s channel %s...	force
正在下载 GeoLite2-%s...	Downloading GeoLite2-%s...	force
正在下载 release %s...	Downloading release %s...	force
正在下载发行版 %s...	Downloading release %s...	force
正在下载更新 %s...	Downloading update %s...	force
正在下载更新...	Downloading update...	force
正在从映像加载动态重定位...	Loading dynamic relocations from image...	force
正在从映像加载字符串...	Loading strings from image...	force
正在从映像加载导入...	Loading imports from image...	force
正在从映像加载导出...	Loading exports from image...	force
正在从映像加载目录...	Loading directories from image...	force
正在从映像加载节...	Loading sections from image...	force
正在从映像加载资源...	Loading resources from image...	force
正在使用的同步块数	# of Sink Blocks in use	force
正在停止	Stop pending	force
正在停止 System Informer...	Stopping System Informer...	force
正在停止内核驱动程序...	Stopping the kernel driver...	force
正在关闭	Closing	force
正在准备安装...	Preparing to install...	force
正在准备更新目录...	Preparing the update directory...	force
正在创建	Creating	force
正在创建 LocalDumps 配置...	Creating LocalDumps configuration...	force
正在创建 Windows 集成...	Creating Windows integration...	force
正在创建卸载注册...	Creating uninstall registration...	force
正在创建卸载程序...	Creating the uninstaller...	force
正在创建安装目录...	Creating the installation directory...	force
正在创建小型转储文件...	Creating the minidump file...	force
正在创建快捷方式...	Creating shortcuts...	force
正在创建转储文件...	Creating the dump file...	force
正在初始化 System Informer 内核驱动程序...	Initializing System Informer kernel driver...	force
正在初始化 kernelbase 符号...	Initializing kernelbase symbols...	force
正在初始化...	Initializing...	force
正在初始化下载请求...	Initializing download request...	force
正在加载 	Loading symbols for 	force
正在加载 .NET 程序集...	Loading .NET assemblies...	force
正在加载...	Loading...	force
正在加载包信息...	Loading package information...	force
正在加载字符串...	Loading strings...	force
正在加载映像符号...	Loading symbols for image...	force
正在加载符号...	Loading symbols...	force
正在卸载	Uninstalling	force
正在发送下载请求...	Sending download request...	force
正在取消...	Cancelling...	force
正在合并内存页...	Combining memory pages...	force
正在启动	Start pending	force
正在启用 SeSystemEnvironmentPrivilege	Enabling SeSystemEnvironmentPrivilege	force
正在处理内存区域	Processing memory regions	force
正在处理内核小型转储	Processing kernel minidump	force
正在处理堆栈帧 #	Processing stack frame #	force
正在处理堆栈帧...	Processing stack frames...	force
正在处理实时内核转储...	Processing live kernel dump...	force
正在处理模块 	Processing module 	force
正在处理线程 	Processing thread 	force
正在安装	Installing	force
正在完成 System Informer 安装向导	Completing the System Informer Setup Wizard	force
正在完成: 	Finalizing: 	force
正在定位 %s 的分析...	Locating analysis for %s...	force
正在尝试 	Attempting to 	force
正在尝试停止 %s...	Attempting to stop %s...	force
正在尝试启动 %s...	Attempting to start %s...	force
正在恢复	Continue pending	force
正在执行内存命令...	Executing memory commands...	force
正在扫描....	Scanning....	force
正在持续 Ping	continuous ping active	force
正在提取: 	Extracting: 	force
正在提取更新的文件...	Extracting updated files...	force
正在搜索... 	Searching... 	force
正在搜索内存字符串...	Searching memory strings...	force
正在暂停	Pause pending	force
正在更新 LocalDumps 配置...	Updating LocalDumps configuration...	force
正在更新 Windows 集成...	Updating Windows integration...	force
正在更新到版本 %lu.%lu.%lu.%lu...	Updating to version %lu.%lu.%lu.%lu...	force
正在更新卸载注册...	Updating uninstall registration...	force
正在更新卸载程序...	Updating the uninstaller...	force
正在更新设置...	Updating settings...	force
正在枚举内核模块	Enumerating kernel modules	force
正在枚举固件环境变量	Enumerating firmware environment variables	force
正在枚举进程...	Enumerating processes...	force
正在查询...	Pending...	force
正在查询变更日志...	Querying changelog...	force
正在查询对象...	Querying objects...	force
正在查询线程等待链会话...	Querying thread wait chain sessions...	force
正在查询页面文件信息	Querying pagefile information	force
正在检查 canary 频道...	Checking the canary channel...	force
正在检查 developer 频道...	Checking developer channel...	force
正在检查 preview 频道...	Checking preview channel...	force
正在检查 release 频道...	Checking the release channel...	force
正在检查待处理的平台更新...	Checking for pending platform update...	force
正在检查更新的版本...	Checking for an updated release...	force
正在检查频道...	Checking the channel...	force
正在模拟	Impersonating	force
正在清空优先级 0 备用列表...	Emptying priority 0 standby list...	force
正在清空压缩存储...	Emptying compression store...	force
正在清空备用列表...	Emptying standby list...	force
正在清空工作集...	Emptying working sets...	force
正在清空已修改文件缓存...	Emptying modified file cache...	force
正在清空已修改页列表...	Emptying modified page list...	force
正在清空注册表缓存...	Emptying registry cache...	force
正在清空系统文件缓存 ...	Emptying system file cache ...	force
正在生成哈希...	Generating hashes...	force
正在移除	Being removed	force
正在移除之前的 Windows 集成...	Removing previous Windows integration...	force
正在移除之前的快捷方式...	Removing previous shortcuts...	force
正在等待	Waiting	force
正在等待响应...	Waiting for response...	force
正在终结	Finalizing	force
正在获取电网预测数据...	Getting grid forecast data...	force
正在解压文件...	Extracting files...	force
正在解析...	Resolving...	force
正在解析符号...	Resolving symbols...	force
正在计算...	Calculating...	force
正在读取处理器信息	Reading the processor information	force
正在读取池标记表	Reading the pool tag table	force
正在读取系统内存信息	Reading the system memory information	force
正在转换设置...	Converting settings...	force
正在运行	Running	force
正在连接...	Connecting...	force
正在连接到 %s...	Connecting to %s...	force
正在连接到 whois.iana.org...	Connecting to whois.iana.org...	force
正在追踪 %s...	Tracing %s...	force
正在追踪 %s... %s	Tracing %s... %s	force
正在追踪到 %s 的路由，数据包大小 %lu 字节...	Tracing route to %s with %lu bytes of data...	force
正在追踪到 %s 的路由，数据包大小 %lu 字节... %s.	Tracing route to %s with %lu bytes of data... %s.	force
正在追踪到 xyz 的路由...	Tracing route to xyz...	force
正在退出	Exiting	force
正在遍历堆栈... %lu%% - %ls (%lu)	Walking stacks... %lu%% - %ls (%lu)	force
正在遍历堆栈... %lu%% - %ls (%lu) %lu%%	Walking stacks... %lu%% - %ls (%lu) %lu%%	force
正在重新扫描 %s...	Rescanning %s...	force
正常	Normal	force
正常 (1s)	Normal (1s)	force
正式版	Release	force
此 System Informer 实例未运行 GPU 监控。	GPU monitoring is not running in this System Informer instance.	force
此 Windows 版本不支持内核驱动程序，最低支持的版本为 Windows 10。	The kernel driver is not supported on this Windows version, the minimum supported version is Windows 10.	force
此体系结构不支持内核驱动程序。	The kernel driver is not supported on this architecture.	force
此后对 %s 的请求将由所连接的客户端确认，而不是由 System Informer 确认，后者无法检查客户端如何呈现这些请求。	Later requests to %s are confirmed by the connected client instead of by System Informer, which cannot check how the client presents them.	force
此命令在非调试版本上不可用。\n	This command is not available on non-debug builds.\n	force
此命名空间及子命名空间	This namespace and subnamespaces	force
此工具不会打开该类型的对象	objects of this type are not opened by this tool	force
此工具已在 System Informer 的 AgentTools 选项中禁用。	This tool is disabled in System Informer's AgentTools options.	force
此工具未实现。	This tool is not implemented.	force
此工具的授权	the authorization for this tool	force
此文件夹、子文件夹及文件	This folder, subfolders and files	force
此服务注册了以下即插即用设备：	This service has registered the following PnP devices:	force
此服务类型不支持即插即用设备。	This service type doesn't support PnP devices.	force
此模块未被任何服务引用。	This module was not referenced by a service.	force
此窗口的父窗口当前不可见。\n\n是否要在使此窗口可见的同时也使父窗口可见？	The parent window(s) of this window are currently invisible.\n\nDo you want to make the parent window(s) visible along with this window?	force
此节点无法显示，因为它当前被您的活动筛选设置或首选项隐藏。	This node cannot be displayed because it is currently hidden by your active filter settings or preferences.	force
此计算机不支持 UEFI。	This machine does not have UEFI support.	force
此进程已%s启用数据执行保护 (DEP)。\r\n	Data Execution Prevention (DEP) is%s enabled for this process.\r\n	force
此进程已启用内存消歧。\r\n	Memory disambiguation is enabled for this process.\r\n	force
此进程已启用地址空间布局随机化。\r\n	Address Space Layout Randomization is enabled for this process.\r\n	force
此进程已启用扩展控制流防护 (XFG)。\r\n	Extended Control Flow Guard (XFG) is enabled for the process.\r\n	force
此进程已启用控制流防护 (CFG)。\r\n	Control Flow Guard (CFG) is enabled for the process.\r\n	force
此进程已启用映像签名限制。\r\n	Image signature restrictions are enabled for this process.\r\n	force
此进程已启用有效载荷限制。\r\n	Payload restrictions are enabled for this process.\r\n	force
此进程无法使用非系统字体。\r\n	Non-system fonts cannot be used in this process.\r\n	force
此进程无法创建子进程。\r\n	Child processes cannot be created by this process.\r\n	force
此进程未运行 .NET 运行时。	This process is not running a .NET runtime.	force
此连接上等待确认的排队请求过多	Too many requests are queued behind a confirmation on this connection	force
此连接不再询问该操作？	Stop asking about this for this connection?	force
此连接将能够在无人询问的情况下%s。	This connection will be able to %s without being asked again.	force
此连接将能够对任何目标%s，且不再询问。	This connection will be able to %s, against any target, without being asked again.	force
此选项将 %s %s 以无序方式进行，可能导致文件损坏或系统不稳定。	This option %s %s in a disorderly manner and may cause file corruption or system instability.	force
段	Segment	force
段堆	Segment Heap	force
段堆 (LFH)	Segment Heap (LFH)	force
段堆 (旁视列表)	Segment Heap (Lookaside)	force
段堆, 	Segment heap, 	force
段强化, 	Segment hardened, 	force
段映射	SegmentMap	force
段组	Segment group	force
段组号	Segment group number	force
每个 CPU 单独显示图形(&S)	Show one graph per CPU	force
每帧时间	Time per frame	force
每扇区字节数	Bytes per sector	force
每文件记录段字节数	Bytes per file record segment	force
每文件记录段簇数	Clusters per File record segment	force
每次询问	Ask every time	force
每簇字节数	Bytes per cluster	force
比对内存映像与文件	Compare the images in memory with their files for	force
比对进程内存中的映像与其文件	compare the images in memory with their files for	force
比较时忽略, 	Compare-ignore, 	force
毫秒	milliseconds	force
水平	Horizontal	force
永久	 permanently	force
永久, 	Permanent, 	force
江苏	Jiangsu	force
池标记表过大，无法读取。	The pool tag table is too large to read.	force
池类型	Pool Type	force
池表	Pool Table	force
沉浸式模块	Immersive modules	force
沉浸式进程和 DLL	Immersive processes and DLLs	force
沙盒惰性	Sandbox Inert	force
没有 whois 服务器应答。	No whois server answered.	force
没有具有该实例 ID 的设备；list_devices 会列出当前存在的设备。	 No device with that instance id; list_devices reports the ones there are.	force
没有可修改的已保存条目。	There was no saved entry to change.	force
没有可取消的同步 I/O。	There is no synchronous I/O to cancel.	force
没有可显示的内存区域。	There are no memory regions to display.	force
没有可显示的功能。	There are no capabilities to display.	force
没有可显示的句柄。	There are no handles to display.	force
没有可显示的声明。	There are no claims to display.	force
没有可显示的字符串。	There are no strings to display.	force
没有可显示的属性。	There are no attributes to display.	force
没有可显示的提供程序。	There are no providers to display.	force
没有可显示的模块。	There are no modules to display.	force
没有可显示的环境变量。	There are no environment variables to display.	force
没有可显示的目录。	There are no directories to display.	force
没有可显示的程序集。	There are no assemblies to display.	force
没有可显示的窗口。	There are no windows to display.	force
没有可显示的策略。	There are no policies to display.	force
没有可显示的线程。	There are no threads to display.	force
没有可显示的资源。	There are no resources to display.	force
没有已连接的代理。	No agents connected.	force
没有快照。\n	No snapshot.\n	force
没有要显示的事件。	No events to display.	force
没有要显示的动态重定位。	There are no dynamic relocations to display.	force
没有要显示的字符串。	There are no strings to display.	force
没有要显示的导入。	There are no imports to display.	force
没有要显示的导出。	There are no exports to display.	force
没有要显示的符号。	There are no symbols to display.	force
没有要显示的节。	There are no sections to display.	force
没有设备具有该实例 ID。	No device has that instance id.	force
没有设备具有该实例 ID；list_devices 会报告现存的设备。	No device has that instance id; list_devices reports the ones there are.	force
河南	Henan	force
泛洪保护	Flood Protection	force
注入的源码	InjectedSource	force
注册 GUID	Register GUIDs	force
注册 I/O	Registered I/O	force
注册协议	Register protocols	force
注册提供程序 GUID	Register provider GUIDs	force
注册表	Registry	force
注册表句柄	Registry handles	force
注册表路径	Registry path	force
注册表键修改时间	Key modified time	force
注意：FPS 监视需要管理员权限，或当前用户是“Performance Log Users（性能日志用户）”组的成员。	Note: FPS monitoring requires either administrative privileges or the current user a member of the Performance Log Users group.	force
注意：实时优先级需要用户拥有 SeIncreaseBasePriorityPrivilege 权限或以管理员身份运行。	Note: Realtime priority requires the User has the SeIncreaseBasePriorityPrivilege or the process running as Administrator.	force
注意：您也可以从主菜单 > 工具 > 网络工具 > 更新 GeoLite... 下载 GeoLite 更新。	Note: You can also download GeoLite updates from the Main menu > Tools > Network Tools > Update GeoLite...	force
注释	Comment	force
注释, 	Comments, 	force
注销	Logoff	force
注销(&F)	Log off	force
注销时间	Logoff time	force
活动	Active	force
活动中	Active	force
活动列...	Active columns...	force
活动列：	Active columns:	force
活动时间	Active time	force
活动进程	Limited	force
流	Stream	force
流水线突发	Pipeline burst	force
浅色	Light	force
浏览	Browse	force
浏览(&B)...	Browse...	force
浏览...	Browse...	force
浙江	Zhejiang	force
消息	Message	force
深色	Dark	force
混合主机	Mixed host	force
混合元数据	Hybrid Metadata	force
混合元数据指针	Hybrid metadata pointer	force
混合关机	Hybrid shut down	force
混合关机(&Y)	Hybrid shut down	force
添加	Add	force
添加 .NET 性能计数器、程序集信息、线程堆栈支持等功能。	Adds .NET performance counters, assembly information, thread stack support, and more.	force
添加 >	Add >	force
添加(&A)	Add	force
添加...	Add...	force
添加/更新	Add/Update	force
添加工具栏、状态栏和搜索框。	Adds a Toolbar, Status Bar and Search box.	force
添加成员	Add member	force
添加特权	Add privilege	force
清单	Manifest	force
清理	Cleanup	force
清空	Clear	force
清空(&E)	Empty	force
清空以下进程的工作集	empty the working set of the following process	force
清空优先级 0 备用列表(&P)	Empty priority 0 standby list	force
清空压缩存储需要连接到内核驱动程序。	Emptying the compression store requires a connection to the kernel driver.	force
清空压缩缓存(&C)	Empty compression cache	force
清空备用列表(&S)	Empty standby list	force
清空工作集	empty the working set of	force
清空工作集(&W)	Empty working sets	force
清空已修改文件缓存(&M)	Empty modified file cache	force
清空已修改页列表(&M)	Empty modified page list	force
清空注册表缓存(&R)	Empty registry cache	force
清空系统文件缓存(&F)	Empty system file cache	force
清除搜索	Clear Search	force
清零 2 字节	Zero 2 bytes	force
清零 4 字节	Zero 4 bytes	force
清零 8 字节	Zero 8 bytes	force
清零内存, 	Zero memory, 	force
温度	Temperature	force
温度:	Temperature:	force
温度探针	Temperature probe	force
温度探针句柄	Temperature probe handle	force
温度超过阈值	Temperature is over threshold	force
游戏	Games	force
湖北	Hubei	force
湖南	Hunan	force
源	Source	force
源 IRQ	Source IRQ	force
源文件	Source File	force
滑块	Slider	force
滑点	Glide point	force
滚动到此处	Scroll Here	force
滚动条	ScrollBar	force
激活上下文数据	Activation context data	force
激活动态配置失败。	Failed to activate the dynamic configuration.	force
点击“检查”以继续。	Click Check to continue.	force
点击“检查更新”以重试。	Click Check for updates to try again.	force
点击“重试”以重新下载该更新。	Click Retry to download the update again.	force
点击“重试”以重新下载该渠道。	Click Retry to download the channel again.	force
点击检查更新以重试。	Click Check for updates to try again.	force
点击重试以重新下载更新。	Click Retry to download the update again.	force
点积	dot product	force
热修补表偏移	Hot patching table offset	force
热弹出	Warm eject	force
热插拔	Hot swappable	force
热管	Heat pipe	force
热补丁兼容, 	Hotpatch compatible, 	force
熵	Entropy	force
父 ID	Parent ID	force
父 PID	Parent PID	force
父元素 <%s> 第 %d 行不支持实体 '&%s;'。	Entity '%s;' not supported under parent <%s> on line %d.	force
父元素 <%s> 第 %d 行存在不匹配的关闭标记 <%s>。	Mismatched close tag <%s> under parent <%s> on line %d.	force
父元素 <%s> 第 %d 行存在无效的 %s 值 '%s'。	Bad %s value '%s' in parent <%s> on line %d.	force
父元素 <%s> 第 %d 行存在无效的自定义值 '%s'。	Bad custom value '%s' in parent <%s> on line %d.	force
父元素 <%s> 第 %d 行的字符实体 '%s' 未以 ; 结束。	Character entity '%s' not terminated under parent <%s> on line %d.	force
父元素 <%s> 第 %d 行的实体名称过长。	Entity name too long under parent <%s> on line %d.	force
父元素 <%s> 第 %d 行的控制字符 0x%02x 为 XML 标准所不允许。	Bad control character 0x%02x under parent <%s> on line %d not allowed by XML standard.	force
父元素 <%s> 第 %d 行缺少关闭标记 </%s>。	Missing close tag </%s> under parent <%s> on line %d.	force
父句柄	Parent handle	force
父基址	Parent base address	force
父实例 ID	Parent instance ID	force
父控制台 PID	Parent console PID	force
父控制台：	Parent console:	force
父级	Parent	force
父进程：	Parent process:	force
版本	Version	force
版本 	Version 	force
版本: %s\r\n下载大小: %s\r\n\r\n<A HREF=\"changelog.txt\">查看变更日志</A>	Version: %s\r\nDownload size: %s\r\n\r\n<A HREF=\"changelog.txt\">View the changelog</A>	force
版本格式	Version format	force
版本：	Version:	force
版权所有 (c) Winsider Seminars && Solutions, Inc.	Copyright (c) Winsider Seminars  Solutions, Inc.	force
物理位置	Physical Location	force
物理内存	Physical memory	force
物理内存    	Physical    	force
物理内存: 	Physical memory: 	force
物理内存使用率 (文本)	Physical usage (text)	force
物理内存历史记录	Physical memory history	force
物理内存总计	Total physical	force
物理内存阵列	Physical memory array	force
物理内存：	Physical memory: 	force
物理宽度	Physical width	force
物理阵列句柄	Physical array handle	force
特征	Characteristics	force
特征数量	Feature count	force
特性	Characteristics	force
特性 2	Characteristics 2	force
特权	Privileges	force
状态	Status	force
状态栏	StatusBar	force
状态：	Status:	force
独占	Exclusive	force
独占 (GDI)	Exclusive (GDI)	force
独占, 	Exclusive, 	force
独占地址使用	Exclusive address use	force
独占地址使用, 	Exclusive address use, 	force
独占所有权	Exclusive ownership	force
独占等待计数	Waiting exclusive count	force
独立安全域	Distinct security domain	force
独立物理核心	Independent physical core	force
独立进程	Own Process	force
环回 [入站]	Loopback [In]	force
环回 [出站]	Loopback [Out]	force
环回 [双向]	Loopback [Bi]	force
环回 [转发]	Loopback [Fwd]	force
环境	Environment	force
环境变量	Environment variables	force
环境变量 \"%s\"	the environment variable \"%s\"	force
理想处理器	Ideal processor	force
生成异常, 	Generate exceptions, 	force
用于在系统信息窗口中监控磁盘驱动器和网络适配器等硬件设备的插件。	Plugin for monitoring hardware devices like Disk drives and Network adapters via the System Information window.	force
用户	the user	force
用户 CPU 时间	User CPU time	force
用户 SID	User SID	force
用户 SID：	User SID:	force
用户主体名称	User principal name	force
用户共享进程	User share process	force
用户共享进程（实例）	User share process (instance)	force
用户分配的名称	User assigned name	force
用户列表	Users List	force
用户列表...	User list...	force
用户名	User name	force
用户名：	User name:	force
用户启用	User enabled	force
用户堆	User Heap	force
用户增量	User delta	force
用户声明	User claims	force
用户定义的控制	User-defined control	force
用户定义类型	UserDefinedType	force
用户帐户：	User account:	force
用户拒绝了此请求。	The user denied this request.	force
用户数据	User data	force
用户数量: 	Number of users: 	force
用户时间	User time	force
用户时间 (期间)	User time (period)	force
用户未允许读取该资源	The user did not allow this resource to be read	force
用户未及时回应确认；该请求已被拒绝。	The user did not answer the confirmation in time; the request was denied.	force
用户标志	User flags	force
用户模式	user mode	force
用户模式下的跨 SMT 线程分支目标污染已启用。\r\n	Branch target pollution cross-SMT-thread in user mode is enabled.\r\n	force
用户注释	UserNotes	force
用户注释(&U)	User Notes	force
用户独立进程	User own process	force
用户独立进程（实例）	User own process (instance)	force
用户环境	User environment	force
用户禁用	Disabled by user	force
用户笔记	UserNotes	force
用户访问	User access	force
用户访问（当前）	User access (current)	force
用户请求	User request	force
用户请求启动	User-requested boot	force
用户驱动 I/O	User driver I/O	force
用户：	User:	force
用法: mem address [numberOfBytes]\n	Usage: mem address [numberOfBytes]\n	force
用途	Use	force
由于系统句柄总数过多，无法搜索句柄。	Unable to search for handles because the total number of handles on the system is too large.	force
由客户端取消	cancelled by the client	force
由客户端询问	Let the client ask	force
由本会话保存的答复允许	allowed by the answer held for this session	force
由本会话保存的答复拒绝	denied by the answer held for this session	force
由用户允许	allowed by the user	force
由用户允许，并应用于本会话的所有连接	allowed by the user, and held for every connection this session	force
由用户拒绝	denied by the user	force
由用户拒绝，并应用于本会话的所有连接	denied by the user, and held for every connection this session	force
电压	Voltage	force
电压探针	Voltage probe	force
电平	Level	force
电池	Battery	force
电流探针	Electrical current probe	force
电源供应状态	Power supply state	force
电源关系	Power relations	force
电源单元	Power unit	force
电源单元组	Power unit group	force
电源开关	Power switch	force
电源性能控制	Power performance control	force
电源数据	Power data	force
电源策略	Power Policies	force
电源系统板	Power system board	force
电源线数量	Number of power cords	force
电源节流	Power throttling	force
电源配置文件	Power profile	force
电源限制	Power throttling	force
电源预测(&F)	Power Forecast	force
电源风扇	Power supply fan	force
电网预测	Power Grid Forecast	force
画刷	Brush	force
画笔	Pen	force
登录	Logon	force
登录 ID	Logon Id	force
登录会话	Logon session	force
登录域	Logon domain	force
登录时启动	Start when I log on	force
登录时间	Logon time	force
登录服务器	Logon server	force
登录类型	Logon type	force
登录脚本	Longon script	force
登记	Enlist	force
的 	of 	force
监听	Listen	force
监听, 	Listening, 	force
监听中	Listening	force
监视器	Monitor	force
盘区	Extents	force
目录	Directory	force
目录条目 ID	Catalog entry ID	force
目标	Target	force
目标地址路由不可达。	The destination address route is unreachable.	force
目标版本：	Target version:	force
目标节	Target Section	force
目标解析时该设备还存在，因此这是配置管理器的拒绝，而非设备不存在。	 The device was there when the target was resolved, so this is a refusal rather than an absence.	force
目标计算机	Target machine	force
目标计算机：	Target machine:	force
直写	Write through	force
直接映射	Direct mapped	force
直接映射, 	DirectMapped, 	force
直接模拟	Direct impersonate	force
相对启动时间	Relative start time	force
相等函数: %s\n	Equal function: %s\n	force
看门狗动作	Watchdog action	force
看门狗存在	Watchdog exists	force
看门狗超时	Watchdog expired	force
看门狗重启	Watchdog reset	force
睡眠	Sleep	force
睡眠(&S)	Sleep	force
矩形	Rectangle	force
矩阵类型	MatrixType	force
短	Short	force
短用户名	Short user name	force
矮版	Low profile	force
硬件	Hardware	force
硬件 ID	Hardware IDs	force
硬件 ID 	Hardware IDs 	force
硬件安全	Hardware security	force
硬件已禁用	Hardware disabled	force
硬件枚举	Hardware enum	force
硬件签名	Hardware signature	force
硬件线程	Hardware threaded	force
硬件设备	Hardware Devices	force
硬件错误记录, 	Hardware Error Record, 	force
硬错误	Hard faults	force
硬错误增量	Hard faults delta	force
确保 System Informer 以管理员权限运行。	Make sure System Informer is running with administrative privileges.	force
确定	OK	force
确定(&O)	Ok	force
确定网络适配器列表大小	Sizing the network adapter list	force
确定要%s吗？	Are you sure you want to %s?	force
确定要卸载 System Informer 吗？	Are you sure you want to uninstall System Informer?	force
确认失败	confirmation failed	force
确认已被拒绝或取消。	The confirmation was declined or cancelled.	force
确认父窗口可见性变更	Confirm Parent Visibility Change	force
碳排放影响	Carbon impact	force
磁盘	Disk	force
磁盘\nR: 	Disk\nR: 	force
磁盘    R: 	Disk    R: 	force
磁盘 I/O	Disk I/O	force
磁盘 使用历史记录	Disk history	force
磁盘 使用率 (文本)	Disk usage (text)	force
磁盘 历史记录	Disk history	force
磁盘写入	Disk writes	force
磁盘写入增量	Disk writes delta	force
磁盘写入字节	Disk write bytes	force
磁盘写入字节增量	Disk write bytes delta	force
磁盘写入次数	Disk writes	force
磁盘写入速率	Disk write rate	force
磁盘功率 (W)	Disk power (W)	force
磁盘总字节	Disk total bytes	force
磁盘总字节增量	Disk total bytes delta	force
磁盘总速率	Disk total rate	force
磁盘时间线活动时长	Disk timeline active	force
磁盘监控需要以管理员权限重新启动 System Informer。	Disk monitoring requires System Informer to be restarted with administrative privileges.	force
磁盘能耗 (J)	Disk energy (J)	force
磁盘能耗 (Wh)	Disk energy (Wh)	force
磁盘能耗 (uJ)	Disk energy (uJ)	force
磁盘设备	Disk Device	force
磁盘读取	Disk reads	force
磁盘读取增量	Disk reads delta	force
磁盘读取字节	Disk read bytes	force
磁盘读取字节增量	Disk read bytes delta	force
磁盘读取次数	Disk reads	force
磁盘读取速率	Disk read rate	force
磁盘驱动器	Disk Drives	force
示例: mem 12345678 16\n	Example: mem 12345678 16\n	force
示例：	Examples:	force
示例：\nUSB*\n*Keyboard*	Examples:\nUSB*\n*Keyboard*	force
示例：\nWdi*\nseclogon	Examples:\nWdi*\nseclogon	force
示例：\nnote*.exe\nC:\\\\Windows\\\\system32\\\\cmd.exe\nC:\\\\Windows\\\\*	Examples:\nnote*.exe\nC:\\\\Windows\\\\system32\\\\cmd.exe\nC:\\\\Windows\\\\*	force
禁止剥离, 	disallow stripped, 	force
禁止向上写入策略	No-Write-Up Policy	force
禁止独占	Disallow exclusive	force
禁用	disable	force
禁用(&D)	Disable	force
禁用不可映射字符异常, 	ThrowOnUnmappableChar disabled, 	force
禁用最佳匹配, 	Bestfit disabled, 	force
禁用活动审核节流	Disable activity moderation throttling	force
禁用设备	Disabling the device	force
禁用进程的 Spectre 缓解措施。	Disables spectre mitigations for the process.	force
离心式鼓风机	Centrifugal blower	force
离线	Offline	force
私有	Private	force
私有 WS	Private WS	force
私有, 	Private, 	force
私有字节	Private bytes	force
私有字节历史记录	Private bytes history	force
私有字节增量	Private bytes delta	force
秒	Seconds	force
秩	Rank	force
移除	remove	force
移除(&R)	Remove	force
移除...	Remove...	force
移除关系	Removal relations	force
移除应用程序设置	Remove application settings	force
移除成员	Remove member	force
移除此标志可能会降低进程的功能，前提是该进程为辅助功能应用程序。	Removing this flag may reduce the functionality of the process provided it is an accessibility application.	force
移除特权可能会降低进程的功能，并且在进程的生存期内是永久性的。	Removing privileges may reduce the functionality of the process, and is permanent for the lifetime of the process.	force
移除策略	Removal policy	force
移除策略覆盖	Removal policy override	force
移除策略默认值	Removal policy default	force
稀疏	Sparse	force
程序 (*.exe;*.pif;*.com;*.bat)	Programs (*.exe;*.pif;*.com;*.bat)	force
程序包	Package	force
程序包共享进程	Package share process	force
程序包名称：	Package name:	force
程序包独立进程	Package own process	force
程序集总数	Total Assemblies	force
程序集搜索长度	Assembly Search Length	force
程序集速率	Rate of Assemblies	force
程序：	Program:	force
稳压器	Regulator	force
稳定版\n - 推荐	Stable\n - Recommended	force
空闲	Idle	force
空闲 (不可用)	Free (Unusable)	force
空闲列表计数: %lu\n	Free list count: %lu\n	force
空闲簇数	Free clusters	force
突出显示 .NET 模块	Highlight .NET modules	force
突出显示 CFG 页	Highlight CFG pages	force
突出显示不受信任的模块	Highlight untrusted modules	force
突出显示低映像一致性	Highlight low image coherency	force
突出显示内联帧	Highlight inline frames	force
突出显示原生模块	Highlight native modules	force
突出显示受保护的句柄	Highlight protected handles	force
突出显示可执行页	Highlight executable pages	force
突出显示可继承的句柄	Highlight inherit handles	force
突出显示已知 DLL 映像	Highlight knowndlls images	force
突出显示已重定位模块	Highlight relocated modules	force
突出显示映射模块	Highlight mapped modules	force
突出显示沉浸式模块	Highlight immersive modules	force
突出显示用户帧	Highlight user frames	force
突出显示私有页	Highlight private pages	force
突出显示系统帧	Highlight system frames	force
突出显示系统模块	Highlight system modules	force
突出显示系统页	Highlight system pages	force
突发	Burst	force
窗口	Windows	force
窗口 %Ix	Window %Ix	force
窗口 0x%I64x	window 0x%I64x	force
窗口 0x%I64x %s	window 0x%I64x %s	force
窗口 0x%Ix (%s)：%s \"%s\"	Window 0x%Ix (%s): %s \"%s\"	force
窗口 DRAM	Window DRAM	force
窗口句柄	Window handle	force
窗口唯一 ID	Window unique id	force
窗口属性	the window property	force
窗口文本	Window text	force
窗口查看器	WindowExplorer	force
窗口标题	Window title	force
窗口状态	Window status	force
窗口站信息	Window Station information	force
窗口置顶	Always on top	force
窗口资源管理器	Window Explorer	force
窗口过程	Window procedure	force
窗口额外字节	Window extra bytes	force
立即显示工具提示	Show tooltips instantly	force
端	End	force
端口上下文	Port Context	force
端口可伸缩性	Port scalability	force
端口类型	Port type	force
端口连接器	Port connector	force
笔记本	Notebook	force
笔记本电脑	Laptop	force
符号	Symbol	force
符号名称	Symbol name	force
符号路径：	Symbol path:	force
符号链接信息	Symbolic Link information	force
第 %d 行的 CDATA 节点提前遇到文件结束。	Early EOF in CDATA node on line %d.	force
第 %d 行的声明节点提前遇到文件结束。	Early EOF in declaration node on line %d.	force
第 %d 行的处理指令节点提前遇到文件结束。	Early EOF in processing instruction node on line %d.	force
第 %d 行的注释节点提前遇到文件结束。	Early EOF in comment node on line %d.	force
第一次失败：	First failure:	force
第三次失败：	Third failure:	force
第二次失败：	Second failure:	force
等宽字体...	Monospace...	force
等待	Wait	force
等待:	Wait:	force
等待中...	Pending...	force
等待任意	wait any	force
等待全部	wait all	force
等待时间	Wait time	force
等待连接	Waiting connections	force
等待链遍历	Wait Chain Traversal	force
等待链遍历(&V)	Wait Chain Traversal	force
策略	Policy	force
策略写入	Policy write	force
策略删除	Policy delete	force
策略应用 ID	Policy app ID	force
策略读取	Policy read	force
筛选	Filter	force
筛选内存	Filter memory	force
筛选合并写入内存	Filter write-combined memory	force
筛选器来源	Filter origin	force
筛选模块路径	Filter module paths	force
签名	Signature	force
签名受限 (	Signatures restricted (	force
签名检查失败。	Signature check failed.	force
签名检查失败。点击“重试”以重新下载该更新。	Signature check failed. Click Retry to download the update again.	force
签名检查失败。点击“重试”以重新下载该渠道。	Signature check failed. Click Retry to download the channel again.	force
签名级别	Signing level	force
简体中文	Simplified Chinese	force
简写格式	Abbreviated format	force
算法	Algorithm	force
管理信任	Administer trust	force
管理列集	Organize Column Sets	force
管理员密码	Administrator password	force
管理审核日志	Administer audit log	force
管理控制器主机接口	Management controller host interface	force
管理服务器	Administer server	force
管理设备	Management device	force
管理设备句柄	Management device handle	force
管理设备组件	Management device component	force
管理设备阈值	Management device threshold	force
管道	Pipe	force
类	Class	force
类 DHP 重新平衡退出	Class DHP rebalance opt-out	force
类 GUID	Class GUID	force
类上层筛选器	Class upper filters	force
类下层筛选器	Class lower filters	force
类不使用类	Class no use class	force
类不安装	Class no install	force
类不显示	Class no display	force
类别	Class	force
类加载速率	Rate of Classes Loaded	force
类协同安装程序	Class co-installers	force
类名	Class Name	force
类名称	Class name	force
类图标	Class icon	force
类图标路径	Class icon path	force
类型	Type	force
类型 	Type 	force
类型 ID	TypeIDs	force
类型: %d	Type: %d	force
类型: %s	Type: %s	force
类型: %s\n	Type: %s\n	force
类型信息	Type information	force
类型名称	TypeNames	force
类型定义	Typedef	force
类型索引: %u\n	Type index: %u\n	force
类型访问信息	Type access information	force
类型详情	Type detail	force
类型：	Type:	force
类型：%d，HWND：0x%Ix，技术：%d，分辨率：%dx%d，BPP：%dx%d，原点：(%ld,%ld)，剪裁：%d [%ld,%ld,%ld,%ld]，位图：0x%Ix，大小：%s	Type: %d, HWND: 0x%Ix, Tech: %d, Res: %dx%d, BPP: %dx%d, Org: (%ld,%ld), Clip: %d [%ld,%ld,%ld,%ld], Bitmap: 0x%Ix, Size: %s	force
类安全描述符	Class security descriptor	force
类安全描述符（二进制）	Class security descriptor (binary)	force
类安装程序	Class installer	force
类属性页提供程序	Class property page provider	force
类特定	Class specific	force
类特征	Class characteristics	force
类独占	Class exclusive	force
类类型	Class type	force
类设备名称	Class device name	force
类静默安装	Class silent install	force
类默认服务	Class default service	force
粒度	Granularity	force
粘贴	Paste	force
精度	Accuracy	force
系列	Family	force
系统	System	force
系统 I/O	System I/O	force
系统 ID	System ID	force
系统(&S)	System	force
系统, 	System, 	force
系统主机	System host	force
系统事件日志	System event log	force
系统信息	System information	force
系统信息\bCtrl+I	System information	force
系统信息\bCtrl+I	System information	force
系统内存	System memory	force
系统内置	Inbox	force
系统加载失败	System failed to load	force
系统参数	Enabled	force
系统启动	System boot	force
系统域	SystemDomain	force
系统实用程序	System utilities	force
系统局部性信息表 (SLIT)	System Locality Information Table (SLIT)	force
系统属性	SystemAttributes	force
系统感知	System aware	force
系统托管	System managed	force
系统托管的活动审核设置会在可执行文件被删除或超过 7 天未执行时被 Windows 自动移除。\r\n\r\n映像：%s\r\n更新：%s	System-managed activity moderation settings are automatically removed by Windows when the executable is deleted or was last executed more than 7 days ago.\r\n\r\nImage: %s\r\nUpdated: %s	force
系统插槽	System slot	force
系统激活上下文数据	System activation context data	force
系统环境	System environment	force
系统电源供应	System power supply	force
系统电源控制	System power controls	force
系统管理模块	System management module	force
系统缓存类型	System cache type	force
系统调用	System calls	force
系统调用增量	System calls delta	force
系统调用筛选	System call filtering	force
系统调用筛选处于活动状态。\r\n	System call filtering is active.\r\n	force
系统资源关联表 (SRAT)	System Resource Affinity Table (SRAT)	force
系统进程	System processes	force
系统配置选项	System configuration options	force
系统重启	System reset	force
系统页	System pages	force
索引	Index	force
索引：%d，对象：%d，句柄：%d	Index: %d, Objects: %d, Handles: %d	force
纠错	Error correction	force
纠错类型	Error correction type	force
纠错能力	Error correction capabilities	force
红外	Infrared	force
红色高亮显示的进程处于隐藏状态，灰色高亮显示的进程已终止。	Processes highlighted red are hidden while those highlighted grey have terminated.	force
纤程	Fiber	force
级别	Level	force
纯主机	Pure host	force
纯虚	Pure	force
线性	Linear	force
线程	Thread	force
线程 %llu 属于 pid %lu 而非 pid %lu。请重新列出线程后重试。	Thread %llu belongs to pid %lu, not pid %lu. Re-list the threads and try again.	force
线程 %llu 的创建时间是 %s 而非 %s；该 tid 已被复用。请重新列出线程后重试。	Thread %llu was created at %s, not %s; the tid has been reused. Re-list the threads and try again.	force
线程 %u	Thread %u	force
线程 %u\n	Thread %u\n	force
线程 ID	Thread Id	force
线程上下文	Thread Context	force
线程似乎未在等待。	The thread does not appear to be waiting.	force
线程信息	Thread information	force
线程关键状态	critical status on the thread	force
线程分离中	In thread detach	force
线程创建	Thread Create	force
线程名称	Thread name	force
线程堆栈	Thread Stack	force
线程堆栈扫描	Thread Stack Scan	force
线程峰值	Peak threads	force
线程执行	Thread Execute	force
线程数	Thread count	force
线程数... (%lu)	Thread count... (%lu)	force
线程数... (自动)	Thread count... (auto)	force
线程数：	Threads: 	force
线程未在运行\n	Thread not running\n	force
线程本地存储	Thread local storage	force
线程正在休眠。	Thread is sleeping.	force
线程正在休眠。超时：%llu 毫秒。	Thread is sleeping. Timeout: %llu milliseconds.	force
线程正在休眠。超时：%lu 毫秒。	Thread is sleeping. Timeout: %lu milliseconds.	force
线程正在发送 USER 消息：\r\n	Thread is sending a USER message:\r\n	force
线程正在取消初始化	Thread uninitializing	force
线程正在查询对象：\r\n	Thread is querying an object:\r\n	force
线程正在等待 (%s) 事件对：\r\n	Thread is waiting (%s) for an event pair:\r\n	force
线程正在等待 (%s) 以下对象：\r\n	Thread is waiting (%s) for:\r\n	force
线程正在等待 (%s) 键控事件 (键 0x%Ix)：\r\n	Thread is waiting (%s) for a keyed event (key 0x%Ix):\r\n	force
线程正在等待 (%s, %s) 以下对象：\r\n	Thread is waiting (%s, %s) for:\r\n	force
线程正在等待 ALPC 端口：\r\n	Thread is waiting for an ALPC port:\r\n	force
线程正在等待 I/O 完成端口：\r\n	Thread is waiting for an I/O completion port:\r\n	force
线程正在等待 I/O 控制请求：\r\n	Thread is waiting for an I/O control request:\r\n	force
线程正在等待 USER 消息。\r\n	Thread is waiting for a USER message.\r\n	force
线程正在等待以下对象：\r\n	Thread is waiting for:\r\n	force
线程正在等待多个 (%lu) 对象。	Thread is waiting for multiple (%lu) objects.	force
线程正在等待多个对象。	Thread is waiting for multiple objects.	force
线程正在等待文件 I/O：\r\n	Thread is waiting for file I/O:\r\n	force
线程正在等待文件系统控制请求：\r\n	Thread is waiting for a FS control request:\r\n	force
线程正在等待来自工作线程工厂的工作项：\r\n	Thread is waiting for work from a worker factory:\r\n	force
线程正在等待系统调用： 	Thread is waiting on system call: 	force
线程正在等待调试事件：\r\n	Thread is waiting for a debug event:\r\n	force
线程等待	ThreadWait	force
线程退出	Thread Exit	force
组	Group	force
组 %I64u 掩码 0x%I64x	group %I64u mask 0x%I64x	force
组 %hu	Group %hu	force
组 (强制标签)	Groups (Mandatory label)	force
组 (登录 SID)	Groups (Logon SID)	force
组 ID	Group ID	force
组件	Component	force
组件句柄	Component handle	force
组件名称	Component name	force
组关联	Group association	force
组合框	ComboBox	force
组播	Multicast	force
组策略	Group policy	force
组策略更改	Group policy change	force
组策略更改: 未知	Group policy change: Unknown	force
组策略更改: 用户	Group policy change: User	force
组策略更改: 计算机	Group policy change: Machine	force
组类型	Group type	force
组织列集...	Organize column sets...	force
组：	Group:	force
终&止\bDel	Terminate	force
终&止ࣞl	Terminateࣞl	force
终止	terminate	force
终止 WSL 进程	Terminate WSL processes	force
终止以下线程	terminate the following thread	force
终止以下进程	terminate the following process	force
终止作业将终止分配给它的所有进程。	Select a process to add to the job permanently.	force
终止僵尸进程可能导致系统不稳定或崩溃。	Terminating a Zombie process may cause the system to become unstable or crash.	force
终止线程可能会导致进程停止工作。	Terminating a thread may cause the process to stop working.	force
终止进程\bDel	Terminate process	force
终止进程ࣞl	Terminateࣞl	force
终止进程将导致未保存的数据丢失。	Terminating a process will cause unsaved data to be lost.	force
终止进程树\bShift+Del	Terminate process tree	force
终止进程树将导致该进程及其后代进程被终止。	Terminating a process tree will cause the process and its descendants to be terminated.	force
终端服务器侦听器	Terminal Server Listener	force
终端服务器感知, 	Terminal server aware, 	force
终端服务设备	Terminal services device	force
终结化幸存者	Finalization Survivors	force
经客户端拒绝	declined through the client	force
绑定	Binding	force
绑定事务	Bind transactions	force
绑定导入	Bound imports	force
结束	End	force
结束地址	Ending address	force
结束总线	End bus	force
结束时间	End time	force
结束时间：	Terminated:	force
结构	Structure	force
结构化异常处理覆写保护 (SEHOP)	Structured exception handling overwrite protection (SEHOP)	force
结果	Result	force
结果 (%lu)	Outcomes (%lu)	force
结果 - %s (%u)	Results - %s (%u)	force
结果。	Results.	force
结果显示在 Hybrid-Analysis 列中。若要显示该列，请右键单击任意列标题并选择 选择列...。	Results appear in the Hybrid-Analysis column. To show it, right-click any column header and select Choose columns....	force
统一	Unified	force
统计	Statistics	force
统计信息	Statistics	force
统计信息(&T)	Statistics	force
统计信息:\n	Statistics:\n	force
继承	Inherit	force
继承(&I)	Inherit	force
继续	Continue	force
继续(&C)	Continue	force
继续(&O)	Continue	force
继续以下服务	continue the following service	force
继续服务可能会导致系统无法正常运行。	Continuing a service might prevent the system from functioning properly.	force
维度	Dimension	force
缓冲	Buffered	force
缓冲 I/O	Buffered I/O	force
缓存	Cache	force
缓存 DRAM	Cache DRAM	force
缓存交互式	Cached interactive	force
缓存工作集	Cache WS	force
缓存延迟	Cache Latency	force
缓存延迟(&L)	Cache Latency	force
缓存的账户	Cached account	force
缓存解锁	Cached unlock	force
缓存远程交互式	Cached remote interactive	force
缓解策略	Mitigation policies	force
缓解策略：	Mitigation policies:	force
编号	Number	force
编译单元	Compiland	force
编译单元环境	CompilandEnv	force
编译单元详情	CompilandDetails	force
编译器 IAT	Compiler IAT	force
编译器生成	Compiler Generated	force
编辑	edit	force
编辑 %s	Edit %s	force
编辑(&E)	Edit	force
编辑...	Edit...	force
编辑列表	Edit list	force
编辑数据	Edit Data	force
编辑文本	Edit Text	force
编辑条目	Edit entry	force
编辑框	Edit	force
编辑环境变量	Edit Environment Variable	force
编辑该值：	Edit the value:	force
编辑进程内存时，某些程序可能会限制访问或封禁您的账户。	Some programs may restrict access or ban your account when editing the memory of the process.	force
缩放视频	Zoom video	force
缺少 io.modelcontextprotocol/clientCapabilities	Missing io.modelcontextprotocol/clientCapabilities	force
缺少 io.modelcontextprotocol/protocolVersion	Missing io.modelcontextprotocol/protocolVersion	force
缺少对象地址。\n	Missing object address.\n	force
缺少工具名称	Missing tool name	force
缺少提示名称	Missing prompt name	force
缺少资源 URI	Missing resource uri	force
网关	Gateway	force
网络	Network	force
网络\nR: 	Network\nR: 	force
网络    R: 	Network    R: 	force
网络 I/O	Network I/O	force
网络 Tx/Rx 字节	Network Tx/Rx bytes	force
网络 使用率 (文本)	Network usage (text)	force
网络 历史记录	Network history	force
网络介质从交换文件运行, 	Net run from swap, 	force
网络发送	Network sends	force
网络发送增量	Network sends delta	force
网络发送字节	Network send bytes	force
网络发送字节增量	Network send bytes delta	force
网络发送速率	Network send rate	force
网络堆栈	Network Stack	force
网络尾部功率 (W)	Network tail power (W)	force
网络尾部能耗 (J)	Network tail energy (J)	force
网络尾部能耗 (Wh)	Network tail energy (Wh)	force
网络尾部能耗 (uJ)	Network tail energy (uJ)	force
网络工具	NetworkTools	force
网络工具 - GeoLite 更新器	Network Tools - GeoLite Updater	force
网络工具(&N)	Network Tools	force
网络总字节	Network total bytes	force
网络总字节增量	Network total bytes delta	force
网络总速率	Network total rate	force
网络接口	Network interface	force
网络接收	Network receives	force
网络接收增量	Network receives delta	force
网络接收字节	Network receive bytes	force
网络接收字节增量	Network receive bytes delta	force
网络接收速率	Network receive rate	force
网络时间线活动时长	Network timeline active	force
网络明文	Network cleartext	force
网络服务	Network Service	force
网络直连	Network direct	force
网络终结点	Network endpoint	force
网络终结点: RPC 接口	Network endpoint: RPC interface	force
网络终结点: 命名管道	Network endpoint: Named pipe	force
网络终结点: 未知	Network endpoint: Unknown	force
网络设备	Network Devices	force
网络适配器	Network Adapters	force
置于前端	Bring to front	force
群集共享卷	Cluster shared volume	force
联接点重定向保护	Junction redirection protection	force
联接点重定向保护 / 审核	Junction redirection protection / Audit	force
联接点重定向保护（审核）	Junction redirection protection (Audit)	force
背景画刷	Background brush	force
背景色	BackColor	force
能效核	Efficiency cores	force
能效核（E-core）	Efficiency core (E-core)	force
能效模式	Power efficiency	force
能源	Energy	force
脉冲	Pulse	force
脱机	Offline	force
自动	Automatic	force
自动切换	Auto-switch	force
自动刷新	Refresh automatically	force
自动刷新\bF6	Refresh automatically	force
自动刷新ࣶ	Refresh automaticallyࣶ	force
自动化 ID	Automation ID	force
自动化服务器	Automation server	force
自动启动	Auto start	force
自动字符集, 	Auto charset, 	force
自动扫描	Automatic scanning	force
自动提交	Automatic submission	force
自动检查更新	Check for updates automatically	force
自动滚动	Auto-scroll	force
自动生成的设备名称	Autogenerated device name	force
自动调整所有列大小	Size all columns to fit	force
自动调整此列大小	Size column to fit	force
自动隐藏	Auto-hide	force
自动隐藏主菜单 (Alt 或 F10 键切换)	Auto-hide main menu (Alt or F10 key toggle)	force
自启动以来为大对象分配的总字节数	Total Bytes Allocated for Large Objects (since start)	force
自启动以来分配的总字节数	Total Bytes Allocated (since start)	force
自定义	Custom	force
自定义 2	Custom 2	force
自定义 4	Custom 4	force
自定义 5	Custom 5	force
自定义 6	Custom 6	force
自定义 7	Custom 7	force
自定义...	Customize...	force
自定义: 	Custom: 	force
自定义子类型无效。	The custom subtype is invalid.	force
自定义峰谷时段	Custom peak-valley periods	force
自定义工具栏	Customize Toolbar	force
自定义时段...	Close	force
自定义时段配置无效，已回退通用模板。\r\n	Invalid custom period configuration, falling back to the generic template.\r\n	force
自定义状态栏	Customize Status Bar	force
自定义类型	CustomType	force
自定义系统状态更改	Custom system state change	force
自定义系统状态更改: 	Custom system state change: 	force
自行重启	Own restart	force
自身进程	Own processes	force
至少进行过一次 GUI 相关系统调用的线程。	Threads that have made at least one GUI-related system call.	force
致谢。	Credits.	force
节	Section	force
节信息	Section information	force
节区剩余空间	Section slack	force
节区映射信息来自 System Informer 驱动程序，而该驱动程序对此实例不可用（访问级别：%s）。	Section mappings come from the System Informer driver, which is not available to this instance (access level: %s).	force
节点	Nodes	force
节点状态标志	Node status flags	force
节省空间	Space saving	force
节：	Sections:	force
芯片	Chip	force
芯片排	Row of chips	force
芯片行	Row of chips	force
芯片风扇	Chip fan	force
范围切换	Range switching	force
获取	Acquire	force
获取 x64 信息	Get x64 information	force
获取上下文	Get context	force
获取专用信息	Get private information	force
获取别名成员身份	Get alias membership	force
获取通知	Get notifications	force
菜单	Menu	force
菜单句柄	Menu handle	force
菜单名称	Menu name	force
菜单栏	MenuBar	force
菜单项	MenuItem	force
蓝牙	Bluetooth	force
虚拟 SCSI 设备	Virtual SCSI device	force
虚拟内存	Virtual memory	force
虚拟内存操作	VM operation	force
虚拟内存阈值	Virtual memory threshold	force
虚拟化	Virtualized	force
虚拟化：	Virtualization:	force
虚拟卷	Virtual volume	force
虚拟大小	Virtual size	force
虚拟大小峰值	Peak virtual size	force
虚拟机	Virtual machine	force
虚拟通道	Virtual channels	force
虚表	VTable	force
虚表形状	VTableShape	force
行 %lu	Line %lu	force
行号	Line number	force
补丁映像	Patch image	force
补丁站点 (%lu)	Patch sites (%lu)	force
表 	Table 	force
表修订版本	Table revision	force
表头	Header	force
表头项	HeaderItem	force
表格	Table	force
被动散热	Passive cooling	force
被应用程序拒绝	Denied by application	force
被挂起执行的进程和线程。	Processes and threads that are suspended from execution.	force
被筛选的进程	Filtered processes	force
被调用方	Callee	force
被调试的进程	Debugged processes	force
被部分挂起执行的进程和线程。	Processes and threads that are partially suspended from execution.	force
裸片	Die	force
要求已签名目标, 	Signed target required, 	force
要清除的全局标志	Global flags to clear	force
要结束远程控制会话，请按此键和下面选择的修饰键：	To end the remote control session, press this key and the modifiers selected below:	force
要设置的全局标志	Global flags to set	force
覆盖	Overwrite	force
覆盖[%lu]	override[%lu]	force
覆盖存根	Overlay Stub	force
覆盖层	Overlay	force
覆盖编号	Overlay number	force
见事件日志	See event log	force
规则	Rule	force
规格	Form factor	force
规范版本	Specification revision	force
视图	View	force
视频	Video	force
视频处理	Video Processing	force
视频编码	Video Encode	force
视频编解码	Video Codec	force
视频解码	Video Decode	force
解冻	thaw	force
解冻以下进程	thaw the following process	force
解析 whois.iana.org 响应时出错：\n%s\n	Error parsing whois.iana.org response:\n%s\n	force
解析中...	Resolving...	force
解析符号	resolve symbols	force
解析网络地址	Resolve network addresses	force
解锁	Unlock	force
解除提交总空闲阈值	De-commit total free threshold	force
解除提交空闲块阈值	De-commit free block threshold	force
触发器	Triggers	force
触发器类型 \"%s\" 不允许配置数据项。	The trigger type \"%s\" does not allow data items to be configured.	force
触发模式	Trigger mode	force
触摸屏	Touch screen	force
触摸板	Touch pad	force
警告	Warning	force
警告: 用户模式堆栈跟踪数据库未启用。将不会显示堆栈跟踪。\n	Warning: user-mode stack trace database is not enabled. Stack traces will not be displayed.\n	force
警告。	Warning.	force
警告复合温度时间	Warning composite temperature time	force
警告：您未将 System Informer 安装到安全位置。	WARNING: You have not installed System Informer into a secure location.	force
警报	Alert	force
计数	Count	force
计数: %u\n	Count: %u\n	force
计数器	Counter	force
计数：	Count:	force
计时器	Timer	force
计算文件哈希	hash a file	force
计算机	Computer	force
认证写入访问 (时间基于), 	Authenticated Write Access (Time Based), 	force
认证写入访问, 	Authenticated Write Access, 	force
记住上次选择的窗口	Remember last selected window	force
记录事件	Log events	force
记录日志	Record journals	force
记录进程跟随非管理员用户创建的文件系统联接点的尝试。\r\n	Logs attempts by the process to follow filesystem junctions created by non-admin users.\r\n	force
设为 true 以允许消息中描述的操作。	Set to true to allow the action described in the message.	force
设为默认...	Make default...	force
设备	Device	force
设备 %s	device %s	force
设备 ID	Device ID	force
设备ID	Device ID	force
设备信息	Device information	force
设备化学类型	Device chemistry	force
设备句柄	Device handle	force
设备号	Device number	force
设备名称	Device name	force
设备堆栈中的某个驱动程序拒绝停止该设备，这通常意味着有程序正在使用它。此次禁用未要求持久生效，因此必须立即停止设备，无法像设备管理器那样推迟到重启时处理；请关闭正在使用该设备的程序，然后重试。	 A driver in the device's stack refused to stop it, which usually means something is using it. This disable is not asked to persist, so it has to stop the device now and cannot defer to a restart the way Device Manager does; close whatever is using the device and try again.	force
设备声明	Device claims	force
设备定位符	Device locator	force
设备已到达	Device arrived	force
设备已到达：	Device arrived:	force
设备已移除	Device removed	force
设备已移除：	Device removed:	force
设备接口到达	Device interface arrival	force
设备接口到达: 	Device interface arrival: 	force
设备树不可用。	The device tree is not available.	force
设备类型	Device type	force
设备类型实例	Device type instance	force
设备组	Device set	force
设备错误地址	Device error address	force
设置	set	force
设置 Eco 模式	set Eco mode for	force
设置 I/O 优先级	set the I/O priority of	force
设置 POSIX	Set POSIX	force
设置 x64 信息	Set x64 information	force
设置上下文	Set context	force
设置亲和性(&A)	Set affinity	force
设置令牌	Set token	force
设置以下进程可在哪些处理器上运行	set which processors the following process may run on	force
设置以下进程的 I/O 优先级	set the I/O priority of the following process	force
设置以下进程的优先级	set the priority of the following process	force
设置以下进程的内存优先级	set the memory priority of the following process	force
设置优先级	set the priority of	force
设置优先级类	set the priority class of	force
设置会话 ID	Set session ID	force
设置低	Set low	force
设置信息	Set information	force
设置值	Set value	force
设置关键状态	set critical status for	force
设置内存优先级	Set the memory priority of	force
设置句柄属性需要连接到内核驱动程序。	Setting handle attributes requires a connection to the kernel driver.	force
设置后台活动审核	set background activity moderation for	force
设置域控制器	Set controllers	force
设置处理器亲和性	Set the processor affinity of	force
设置安全属性	Set security attributes	force
设置审核要求	Set audit requirements	force
设置属性	set attributes of	force
设置提升(&B)	Set boost	force
设置提升优先级	set the boost priority of	force
设置效率模式(&E)	Set efficiency mode	force
设置数值	Set values	force
设置有限信息	Set limited information	force
设置服务保护后将无法控制、修改或删除该服务。	Setting service protection will prevent the service from being controlled, modified, or deleted.	force
设置编辑器	Setting Editor	force
设置虚拟化	set virtualization for	force
设置身份验证	Set authentication	force
设置配额	Set quotas	force
设置页面优先级	set the page priority of	force
设置高	Set high	force
设置默认配额限制	Set default quota limits	force
设计容量	Design capacity	force
设计电压	Design voltage	force
访问	Access	force
访问 SACL	Access SACL	force
访问全局原子	Access global atoms	force
访问内核记录器	Access kernel logger	force
访问剪贴板	Access clipboard	force
访问动态配置失败。	Failed to access the dynamic configuration.	force
访问实时	Access real-time	force
访问实时事件	Access real-time events	force
访问实时会话	Access realtime	force
访问性	Accessibility	force
访问总线	Access bus	force
访问方法	Access method	force
访问时间	Accessed time	force
访问权限	Access	force
访问键	Access Key	force
证书	Certificates	force
证书已吊销	Revoked certificate	force
证书已过期	Expired certificate	force
识别	Identification	force
诊断	Diagnostics	force
询问	Interrogate	force
该 PID 不是真实进程。	The PID is not a real process.	force
该 pid 不是真实进程。	This pid is not a real process.	force
该IO优先级将由Windows应用，即使System Informer当前未运行。 注意：高IO优先级需要用户拥有 SeIncreaseBasePriorityPrivilege 权限或以管理员身份运行。	The IO priority will be applied by Windows even when System Informer isn't currently running. Note: High IO priority requires the User has the SeIncreaseBasePriorityPrivilege or the process running as Administrator.	force
该作业	Unknown	force
该值超出架构支持的值范围。	The value is outside the schema's supported values.	force
该句柄已标记为防止关闭，无法将其关闭。	This handle is marked protect-from-close and cannot be closed.	force
该对象标识符	the object identifier	force
该工具尚未实现。	This tool is not implemented.	force
该工具未实现。	This tool is not implemented.	force
该操作	The operation	force
该文件不是 PE 映像。	The file is not a PE image.	force
该更新已成功下载并验证。\r\n\r\n点击“安装”继续。	The update has been successfully downloaded and verified.\r\n\r\nClick Install to continue.	force
该服务不存在。	The service does not exist.	force
该服务依赖于以下服务：	This service depends on the following services:	force
该服务已配置 %lu 个失败操作，但本程序仅支持编辑 3 个。如果使用本程序保存恢复信息，额外的失败操作将会丢失。	The service has %lu failure actions configured, but this program only supports editing 3. If you save the recovery information using this program, the additional failure actions will be lost.	force
该渠道已成功下载并验证。\r\n\r\n点击“安装”继续。	The channel has been successfully downloaded and verified.\r\n\r\nClick Install to continue.	force
该窗口不存在。	The window does not exist.	force
该窗口句柄不是有效的窗口。	That window handle does not name a window.	force
该窗口属于 pid %lu 而非 pid %lu；窗口句柄会被复用。请重新列举后再试。	That window belongs to pid %lu, not to pid %lu; window handles are reused. Re-list and try again.	force
该窗口属性将被永久删除。	The window property will be permanently deleted.	force
该筛选器无法工作，未启用数字签名校验。\r\n%s	This filter cannot function because digital signature checking is not enabled.\r\n%s	force
该节点当前被正在生效的筛选设置或首选项隐藏，因此无法显示。	This node cannot be displayed because it is currently hidden by your active filter settings or preferences.	force
该节点无法显示，因为它当前被您的活动筛选设置或首选项隐藏。	This node cannot be displayed because it is currently hidden by your active filter settings or preferences.	force
该计算机	the computer	force
该计算机以进行 Windows Defender 离线扫描	the computer for Windows Defender Offline Scan	force
该计算机未以 UEFI 模式启动；固件变量不可用。	This machine did not boot in UEFI mode; firmware variables are not available.	force
该设备报告其完全无法被禁用，重试也不会有帮助——系统正运行在该设备上时会如此报告。	 The device reports that it cannot be disabled at all, so trying again will not help - a device the system is running on says this.	force
该资源背后的工具已在 System Informer 的 AgentTools 选项中禁用	The tool behind this resource is disabled in System Informer's AgentTools options	force
该进程 	The process 	force
该进程 (PID %lu) 不存在。	The process (PID %lu) does not exist.	force
该进程不存在。	The process does not exist.	force
该进程中没有名为 %s 的模块。	That process has no module named %s.	force
该进程优先级将由Windows应用，即使System Informer当前未运行。 注意：实时优先级需要用户拥有 SeIncreaseBasePriorityPrivilege 权限或以管理员身份运行。	The process priority will be applied by Windows even when System Informer isn't currently running. Note: Realtime priority requires the User has the SeIncreaseBasePriorityPrivilege or the process running as Administrator.	force
该进程位于作业中，但打开作业没有用户态途径：它依赖于 System Informer 驱动程序，而该驱动程序对此实例不可用（访问级别：%s）。	The process is in a job, but opening one has no user-mode route: it comes from the System Informer driver, which is not available to this instance (access level: %s).	force
该进程具有多组亲和性，%s	This process has multi-group affinity, %s	force
该进程未在调试中。	The process is not being debugged.	force
该进程没有可用于保存备注的命令行。	This process has no command line to file the comment under.	force
该进程没有可用于比对的映像文件。	The process has no image file to compare against.	force
该进程没有模块加载在该地址。	No module of that process is loaded at that address.	force
该进程继续运行，而不是被进程生命周期管理 (PLM) 挂起或终止。	The process continues to run instead of being suspended or terminated by process lifetime management (PLM).	force
该重分析点	the repase point	force
该页优先级将由Windows应用，即使System Informer当前未运行。	The page priority will be applied by Windows even when System Informer isn't currently running.	force
详情	Details	force
详细信息	Details	force
详细信息(&D)	Details	force
详细信息：\r\n	Details:\r\n	force
语言	Language	force
语言: 	Language: 	force
语言偏移	LanguageOffset	force
语言长度	LanguageLength	force
语言：	Language:	force
请在下方粘贴许可证密钥：	Paste the license key below:	force
请在下载 GeoLite 更新之前检查 选项 > 网络工具 > GeoLite ID 或密钥 是否已配置。	Please check the Options > Network Tools > GeoLite ID or Key are configured before downloading geoLite updates.	force
请在选项 > 常规 中开启该功能，然后重启 System Informer。	Enable it in Options > General and restart System Informer.	force
请检查是否有进程打开了数量极多的句柄。	Please check if there are any processes with an extremely large number of handles open.	force
请求关闭以下窗口	ask the following window to close	force
请求来源：	Requested by 	force
请求附加软件	Additional software requested	force
请注意，在继续之前...	Hey there, before we continue...	force
请确保 Explorer 可执行文件存在。	Make sure the Explorer executable file is present.	force
请确保 PE Viewer 可执行文件存在。	Make sure the PE Viewer executable file is present.	force
请确保 PE 查看器可执行文件存在。	Make sure the PE Viewer executable file is present.	force
请确保该字符串是有效的 GUID：\"{x-x-x-x-x}\"。	Please ensure that the string is a valid GUID: \"{x-x-x-x-x}\".	force
请确保资源管理器可执行文件存在。	Make sure the Explorer executable file is present.	force
请稍候...	Please wait...	force
请稍候，安装程序正在从该计算机中移除 System Informer。	Please wait while Setup removes System Informer from this computer.	force
请稍候，安装程序正在该计算机上安装 System Informer。	Please wait while Setup installs System Informer on your computer.	force
请输入 0 到 64 之间的值。	Enter a value between 0 and 64.	force
请输入偏移量：	Enter an offset:	force
请输入地址：	Enter an address:	force
请输入有效的开始菜单文件夹名称。	Please enter a valid Start menu folder name.	force
请输入此列集的名称：	Enable transparent icons	force
请输入筛选模式：	Enter the filter pattern:	force
请选择要添加的特权：	Select a privilege to add:	force
请重启 System Informer 以使更改生效...	Please restart System Informer for the changes to take effect...	force
请键入程序、文件夹、文档或 Internet 资源的名称，Windows 将为您打开它。	Type the name of a program, folder, document, or Internet resource, and Windows will open it for you.	force
读	Read	force
读 	Read 	force
读/写	Read/Write	force
读/写内存	Read/Write memory	force
读/写内存(&M)	Read/Write memory	force
读/写内存(&R)	Read/Write memory	force
读/写地址	Read/Write Address	force
读取	Read	force
读取 %Ix 附近的地址时出错。\n	Error reading address near %Ix.\n	force
读取 32 位进程的运行时需要一个会提示提权的辅助进程，因此此处不执行。	Reading a 32-bit process's runtime needs a helper that prompts for elevation, so it is not done here.	force
读取 EA	Read EA	force
读取 SMBIOS 信息	read SMBIOS information	force
读取 System Informer 是否正在运行	read whether System Informer is running	force
读取 TPM 信息	read TPM information	force
读取 UEFI 变量	read UEFI variables	force
读取, 	Read, 	force
读取, 写入	Read, Write	force
读取, 写入, 删除	Read, Write, Delete	force
读取, 删除	Read, Delete	force
读取:	Read:	force
读取事件	Read events	force
读取任意进程中句柄所指向对象的名称	reading the names of the objects behind handles, in any process	force
读取任意进程中的线程栈及其符号	reading thread stacks and their symbols, in any process	force
读取任意进程内存的内容	reading the contents of process memory, in any process	force
读取作业对象	read job objects	force
读取信息	Read information	force
读取其他参数	Read other parameters	force
读取内存	Read the memory of	force
读取内存中的字符串	Read the strings in the memory of	force
读取内存占用详情	read where the machine's memory is	force
读取内核驱动程序的状态	read the kernel driver status	force
读取剪贴板	Enabled	force
读取句柄名称	Read the handle names of	force
读取和执行	Read and execute	force
读取图形适配器的使用率	read graphics adapter utilization	force
读取增量	Reads delta	force
读取处理器布局	read the processor layout	force
读取字节	Read bytes	force
读取字节:	Read bytes:	force
读取字节增量	Read bytes delta	force
读取字节：	Read bytes:	force
读取安全描述符	Reading the security descriptor	force
读取密码参数	Read password parameters	force
读取对象	Read objects	force
读取对象上各方的访问权限	read who is allowed what on an object	force
读取屏幕	Read screen	force
读取属性	Read attributes	force
读取已卸载模块跟踪信息	Reading the unloaded module trace	force
读取常规信息	Read general	force
读取扩展属性	Read extended attributes	force
读取持久化的系统与用户环境变量	read the persisted system and user environment variables	force
读取控制	Read control	force
读取描述	Read description	force
读取数	Reads	force
读取数据	Read data	force
读取文件	Reading the file	force
读取文件中的字符串	read the strings in a file	force
读取文件元数据	read file metadata	force
读取文件大小	Reading the file size	force
读取映射	Map read	force
读取最近记录的事件	read recently logged events	force
读取最近退出的进程	read what recently exited	force
读取服务详情	read service details	force
读取本机的安全配置	read the machine's security configuration	force
读取权限	Read permissions	force
读取模式	Read mode	force
读取次数	Reads	force
读取次数增量	Reads delta	force
读取注册表项	read a registry key	force
读取环境变量	Read the environment of	force
读取环境块	Reading the environment block	force
读取登录信息	Read logon	force
读取磁盘性能计数器	read disk performance counters	force
读取磁盘的健康数据	read the health data of the disks	force
读取磁盘的品牌与型号	read the make and model of the disks	force
读取窗口详情	read the details of a window	force
读取等待链	read wait chains	force
读取系统信息	read system information	force
读取系统的近期历史记录	read the recent history of the system	force
读取线程的最后系统调用	Reading the thread's last system call	force
读取线程调用堆栈	read thread stacks	force
读取组信息	Read group information	force
读取缓存的扫描结论	read a cached scan verdict	force
读取虚拟内存	VM read	force
读取设备的硬件资源	read the hardware resources of a device	force
读取调用堆栈	Read the stack of	force
读取账户	Read account	force
读取进程内存	Reading process memory	force
读取进程内存中的字符串	read the strings in the memory of	force
读取进程列表	Reading the process list	force
读取进程句柄背后的对象名称	read the object names behind process handles	force
读取进程的令牌	read the tokens of processes	force
读取进程的内存	read the memory of processes	force
读取进程的图形使用情况	read the graphics usage of processes	force
读取进程的备注	read the notes saved against processes	force
读取进程的托管程序集	read the managed assemblies of processes	force
读取进程的漏洞利用缓解措施	read the exploit mitigations of processes	force
读取进程的环境变量	read environment variables of processes	force
读取进程的磁盘与网络 I/O	read the disk and network I/O of processes	force
读取进程的近期历史记录	read the recent history of processes	force
读取进程详情	read process details	force
读取速率	Read rate	force
读取错误	Bad read	force
读取防火墙事件日志	read the firewall event log	force
读取页面属性	Reading the page attributes	force
读取页面文件信息	read pagefile information	force
读取首选项	Read preferences	force
读取驱动程序或设备对象	read a driver or device object	force
读取驱动程序所见的进程信息	read the driver's view of a process	force
调制解调器	Modem	force
调制解调器振铃	Modem ring	force
调制解调器振铃唤醒	Modem ring resume	force
调度函数指针	Dispatch function pointer	force
调度类别	Display settings	force
调度线程	Dispatch thread	force
调度调用	Dispatch call	force
调度调用（无重定向）	Dispatch call no redirect	force
调度跳转	Dispatch jump	force
调度返回	Dispatch return	force
调度返回叶	Dispatch return leaf	force
调度间接调用	Dispatch indirect call	force
调度间接调用防护	Dispatch indirect call guard	force
调整会话 ID	Adjust session ID	force
调整列宽以适应内容	Size column to fit	force
调整所有列宽以适应内容	Size all columns to fit	force
调整所有列的大小以适应内容	Size all columns to fit	force
调整此列的大小以适应内容	Size column to fit	force
调整特权	Adjust privileges	force
调整系统访问权限	Adjust system access	force
调整组	Adjust groups	force
调整配额	Adjust quotas	force
调整默认值	Adjust defaults	force
调用 VA	Call VA	force
调用数	Calls	force
调用方	Caller	force
调用点	CallSite	force
调色板	Palette	force
调试	debug	force
调试, 	Debug, 	force
调试信息	Debug information	force
调试器安全	Debugger safe	force
调试控制台	Debug console	force
调试输出	Debug Print	force
资产标签	Asset tag	force
资源	Resource	force
资源数据 (*.data)	Resource data (*.data)	force
资源查看器	Resource Viewer	force
资源类型	Resource type	force
资源组	Resource groups	force
资源耗尽	Resources exhausted	force
资源选取器例外	Resource picker exceptions	force
资源选取器标记	Resource picker tags	force
起始	Start	force
起始地址	Start address	force
起始地址 (Native)	Start address (Native)	force
起始地址 (Win32)	Start address (Win32)	force
起始地址段	Starting address segment	force
起始地址（符号）	Start address (symbolic)	force
起始总线	Start bus	force
起始日期	From	force
起始模块	Start module	force
超大页, 	PageSizeHuge, 	force
超时	Timeout	force
超时 (秒)：	Timeout (s):	force
超时次数	Timeout episodes	force
超线程核心	Hyperthreaded core	force
超链接	Hyperlink	force
距开始	Since start	force
路径	Path	force
路径 MTU	Path MTU	force
路径类型	PathType	force
路径过长。	The path is too long.	force
路由跟踪	Traceroute	force
跳板	Thunk	force
跳过 .text 节	Skip .text section	force
跳过包含数字的字符串	Skip strings with numbers	force
跳过包含符号的字符串	Skip strings with symbols	force
跳过检查更新并自动搜索	Skip check for updates and search automatically	force
跳过高熵节	Skip high entropy sections	force
身份验证 LUID	Authentication LUID	force
身份验证包	Authentication package	force
轨迹球	Track ball	force
转储文件 (*.dmp)	Dump files (*.dmp)	force
转到...	Go to...	force
转到上层设备驱动程序(&U)	Go to upper device driver	force
转到下层设备驱动程序(&G)	Go to lower device driver	force
转到偏移量	Go to Offset	force
转到服务	Go to service	force
转到服务(&G)	Go to service	force
转到服务...	Go to service...	force
转到线程(&G)...	Go to thread...	force
转到线程(&H)...	Go to thread...	force
转到线程...	Go to thread...	force
转到设备驱动程序(&G)	Go to device driver	force
转到进程	Go to process	force
转到进程(&G)	Go to process	force
转到进程(&G)\bCtrl+Enter	Go to process	force
转到进程(&G)\bEnter	Go to process	force
转到进程(&G)...	Go to process...	force
转到进程(&G)\bCtrl+Enter	Go to process	force
转到进程(&G)nter	Go to processnter	force
转到进程(&P)...	Go to process...	force
转到进程...	Go to process...	force
转发	FWD	force
转发名称	Forwarded name	force
转换器	Converter	force
转接卡插槽	Riser card slot	force
软件	Software	force
软件 enclave, 	Software enclave, 	force
软盘	Floppy disk	force
轻型 (StoreApp)	Light (StoreApp)	force
轻型 (Windows)	Light (Windows)	force
轻型 (反恶意软件)	Light (Antimalware)	force
轻量	Light	force
辅助 IAT	Auxiliary IAT	force
辅助 IAT 副本	Auxiliary IAT copy	force
输入	Input	force
输入持续时间	Input duration	force
输入提示	Input Prompt	force
输入新值：	Enter the new value:	force
输入新的窗口 DPI：	Enter new Window DPI:	force
输入桌面	Input desktop	force
输入汇编文件	InputAssemblyFiles	force
输入电压探针句柄	Input voltage probe handle	force
输入电流句柄	Input current handle	force
输入自定义完整性级别:	Enter a custom integrity level:	force
输入要以指定包身份启动的命令。	Enter the command to start as the specified package.	force
输入要以指定用户身份启动的命令。	Enter the command to start as the specified user.	force
边沿	Edge	force
边界矩形	Bounding Rectangle	force
边缘受限	Edge-restricted	force
辽宁	Liaoning	force
过滤通知。	Filters notifications.	force
过滤非可写	Filter non-writable	force
运行	Run	force
运行...\bCtrl+R	Run...	force
运行...\bCtrl+R	Run...	force
运行在 NT AUTHORITY\\\\SYSTEM 用户账户下的进程。	Processes running under the NT AUTHORITY\\\\SYSTEM user account.	force
运行容器	Run Container	force
运行方式...\bCtrl+Shift+R	Run as...	force
运行方式...\bCtrl+Shift+R	Run as...	force
运行时 ID	Runtime ID	force
运行时代理	Runtime broker	force
运行时检查总数	Total Runtime Checks	force
运行时检查时间百分比	% Time in RT checks	force
运行时没有应答。其调试支持必须与运行时本身匹配，而正在启动或正在退出的进程可能完全不应答。	The runtime would not answer. Its debugging support has to match the runtime, and a process that is starting up or shutting down may not answer at all.	force
运行时版本：	Runtime version:	force
运行时访问, 	Runtime Access, 	force
运行时间	Running time	force
运行程序	Run a program	force
运行身份	Run As	force
返回	Back	force
返回了配置文件路径	Profile path returned	force
返回值有符号	Is Sign Ret	force
返回地址	Return address	force
返回扩展信息	Return extended info	force
还原	Restore	force
这不是 IPv4 或 IPv6 地址。此工具不解析主机名。	That is not an IPv4 or IPv6 address. This tool does not resolve host names.	force
这不是 IPv4 或 IPv6 地址。此工具查询的是地址注册信息，而不是域名。	That is not an IPv4 or IPv6 address. This tool looks up address registrations, not domain names.	force
这不是有效的 IPv4 或 IPv6 地址。	That is not an IPv4 or IPv6 address.	force
这将从该计算机中卸载 System Informer。System Informer 可帮助您监视系统资源、调试软件并检测恶意软件。	This will uninstall System Informer from your computer. System Informer helps you monitor system resources, debug software, and detect malware.	force
这将在该计算机上安装 System Informer。System Informer 可帮助您监视系统资源、调试软件并检测恶意软件。	This will install System Informer on your computer. System Informer helps you monitor system resources, debug software, and detect malware.	force
这是 System Informer 驱动程序对进程的专属视图，没有用户态等价功能；该驱动程序对此实例不可用（访问级别：%s）。	This is the System Informer driver's own view of a process and there is no user-mode equivalent; the driver is not available to this instance (access level: %s).	force
这是一项选择性加入的限制。\r\n	This is an opt-in restriction.\r\n	force
这看起来是通配符路径，不是正则表达式。	This looks like a wildcard path, not a regular expression.	force
进度	Progress	force
进度: 	Progress: 	force
进度条	ProgressBar	force
进程	Process	force
进程 ID	Process ID	force
进程不存在。	The process does not exist.	force
进程使用峰值	Peak process usage	force
进程使用无效句柄时会引发异常。\r\n	An exception is raised when an invalid handle is used by the process.\r\n	force
进程信息	Process information	force
进程关联掩码	Process affinity mask	force
进程内存	process memory	force
进程创建	Process Create	force
进程句柄	Process handles	force
进程名称	Process name	force
进程堆	Process Heap	force
进程堆标志	Process heap flags	force
进程将使用相同的命令行、工作目录和权限重启。	The process will be restarted with the same command line, working directory and privileges.	force
进程属性	Process Properties	force
进程属性(&I)	Process properties	force
进程已创建	Process created	force
进程已创建：	Process created:	force
进程已创建：%s (%lu) 由 %s (%lu) 启动	Process created: %s (%lu) started by %s (%lu)	force
进程已终止	Process terminated	force
进程已终止：	Process terminated:	force
进程已终止：%s (%lu)；退出状态 0x%x	Process terminated: %s (%lu); exit status 0x%x	force
进程已终止；仅进程记录可用。	The process has already terminated; only the process record is available.	force
进程总数	Total processes	force
进程数	Number of processes	force
进程数：	Processes: 	force
进程时间	Limited	force
进程激活上下文数据	Process activation context data	force
进程状态 	Process State 	force
进程环境	Process environment	force
进程的关键状态	critical status on the process	force
进程的内核小型转储需要管理员权限。 请确保 System Informer 以管理员权限运行。	Kernel minidump of processes require administrative privileges. Make sure System Informer is running with administrative privileges.	force
进程的映像文件与映射映像相比一致性较低。	The image file backing the process has low coherency when compared to the mapped image.	force
进程的虚拟化	virtualization for the process	force
进程监视器	Process monitor	force
进程等待	ProcessWait	force
进程记录	Process Record	force
进程转储	Process dump	force
进程过多，无法进行筛选。	There are too many processes to filter.	force
进程退出	Process Exit	force
进程隔离	Process Isolation	force
进程：%s（PID %lu）%s	Process: %s (PID %lu)%s	force
远程主机名	Remote hostname	force
远程交互式	Remote interactive	force
远程启用	Remote enable	force
远程地址	Remote address	force
远程地址类别	Remote address class	force
远程地址范围	Remote address scope	force
远程实例	Remote instance	force
远程客户端	Remote clients	force
远程执行	Execute remote	force
远程控制	Remote control	force
远程映像, 	remote images, 	force
远程服务	Remote service	force
远程激活	Activate remote	force
远程端口	Remote port	force
远程端口服务	Remote port service	force
远程设备	Remote device	force
远程调用总数	Total Remote Calls	force
远程调用速率/秒	Remote Calls / sec	force
连接	Connect	force
连接交换机	Connectivity switch	force
连接任务计划程序服务失败 (0x%08x)。	Connecting to the task scheduler service failed (0x%08x).	force
连接到 %s 失败。\n	Connection to %s failed.\n	force
连接到 System Informer	Connect to System Informer	force
连接到 whois.iana.org 失败。\n	Connection to whois.iana.org failed.\n	force
连接到会话	Connect to session	force
连接挂起	Connection pending	force
连接数据	Connect data	force
连接时挂起	Connected suspend	force
连接时间	Connect time	force
连接查询	ConnectQuery	force
连接类型：	Connection type:	force
连接被拒绝	Connection refused	force
连接超时	Connect timeout	force
连续	Successive	force
迷你	Mini	force
迷你塔式	Mini tower	force
迷你插孔	Mini-jack	force
追加写入, 	Append Write, 	force
追加数据	Append data	force
退出	Exit	force
退出 Windows	Exit windows	force
退出代码	Exit code	force
退出时间	Exited	force
退出状态	Exit status	force
适用于 Windows 7 及以上版本的扩展功能，包括 ETW、GPU、磁盘和防火墙监控选项卡。	Extended functionality for Windows 7 and above, including ETW, GPU, Disk and Firewall monitoring tabs.	force
适配器	Adapter	force
适配器 	Adapter 	force
适配器详情	Adapter Details	force
选中全部低功耗能效核（LP E-core）逻辑处理器	Select all low-power efficiency-core (LP E-core) logical processors	force
选中全部属于超线程核心（SMT）的逻辑处理器	Select all logical processors that belong to hyperthreaded (SMT) cores	force
选中全部性能核（P-core）逻辑处理器	Select all performance-core (P-core) logical processors	force
选中全部能效核（E-core）逻辑处理器	Select all efficiency-core (E-core) logical processors	force
选中进程工作集	Selected process WS	force
选中进程工作集：	Selected WS: 	force
选中进程工作集：N/A	Selected WS: N/A	force
选中进程私有字节	Selected process private bytes	force
选中进程私有字节：	Selected private bytes: 	force
选中进程私有字节：N/A	Selected private bytes: N/A	force
选中项数	Number of selected items	force
选中项数：	Selected: 	force
选中项数：N/A	Selected: N/A	force
选择“关闭”以退出。	Select Close to exit.	force
选择列	Choose Columns	force
选择列...	Choose columns...	force
选择列显示	Choose Columns	force
选择包	Select a package	force
选择图形调度优先级。	Select the graphics scheduling priority.	force
选择将在列表中显示的列。	Select the columns that will appear in the list.	force
选择开始菜单文件夹	Choose Start Menu Folder	force
选择性文本	Selective text	force
选择现有的开始菜单文件夹，或输入名称以创建新文件夹。	Select an existing Start Menu folder or enter a name to create a new folder.	force
选择用于访问包文件系统和注册表的标识。	Select the identity for access to the package file system and registry.	force
选择目标位置	Select Destination Location	force
选择要在任务栏上显示的图表：	Select the graph to show on the taskbar:	force
选择要在系统信息窗口中显示的图形设备：	Select graphics devices to show on the system information window:	force
选择要在系统信息窗口中显示的磁盘设备：	Select disk devices to show on the system information window:	force
选择要在系统信息窗口中显示的网络设备：	Select network devices to show on the system information window:	force
选择要在系统信息窗口中显示的能耗设备：	Select energy devices to show on the system information window:	force
选择要永久添加到作业中的进程。	Select a process to add to the job permanently.	force
选择要用于此进程的系统调试器：	Select a system debugger to use for this process:	force
选择进程	Select a Process	force
选择进程活动审核节流状态。	Select the process activity moderation throttling state.	force
选择默认进程IO优先级。	Select the default process IO priority.	force
选择默认进程优先级。	Select the default process priority.	force
选择默认进程页优先级。	Select the default process page priority.	force
选项	Options	force
选项...	Options...	force
选项卡	Tab	force
选项卡项	TabItem	force
透明度(&O)	Opacity	force
透明托盘图标	Transparent tray icons	force
逐出字节	Evicted bytes	force
递归计数	Recursion count	force
逗号分隔值 (*.csv)	Comma-separated values (*.csv)	force
逗号分隔值文件 (*.csv)	Comma-separated values (*.csv)	force
通用	General	force
通用两峰	Generic dual-peak	force
通用全部	Generic All	force
通用写入	Generic Write	force
通用执行	Generic Execute	force
通用控制台	Universal console	force
通用读取	Generic Read	force
通电周期数	Power cycles	force
通电小时数	Power on hours	force
通知	Notifications	force
通知 - 日志记录	Notifications - Logging	force
通知 - 服务	Notifications - Services	force
通知 - 设备	Notifications - Devices	force
通知 - 进程	Notifications - Processes	force
通知事件	Notification	force
通过 HTTPS 解析 DNS (DoH)	Resolve DNS over HTTPS (DoH)	force
通过帮助菜单检查新版 System Informer 发布的插件。	Plugin for checking new System Informer releases via the Help menu.	force
通过模型上下文协议向 AI 智能体暴露 System Informer 的进程数据和操作。	Exposes System Informer's process data and actions to AI agents over the Model Context Protocol.	force
通道 #	Channel #	force
通道数	Channels	force
通道线程已初始化	Channel thread initialized	force
速度	Speed	force
速度: %s/s	Speed: %s/s	force
速度：	Speed:	force
逻辑处理器	Logical processors	force
逻辑大小	Logical size	force
遍历	Traverse	force
遍历文件夹/执行文件	Traverse folder / execute file	force
遍历线程堆栈	Walking the thread stack	force
遥测覆盖映射	Telemetry coverage map	force
遮蔽	Cloaked	force
邻近域	Proximity Domain	force
部件编号	Part number	force
部分写入	Partial write	force
部分挂起的进程和线程	Partially suspended processes and threads	force
部分无效	Bad partial	force
部分消息	Partial message	force
配置	Config	force
配置 ID	Configuration ID	force
配置文件	Profile	force
配置文件路径	Profile path	force
配置标志	Configuration flags	force
配置电压	Configured voltage	force
配置空间 #	Configuration space #	force
配置速度	Configured speed	force
配额占用	Quota charges	force
释放	free	force
释放内存区域可能会导致进程崩溃。\r\n\r\n某些程序在释放进程内存时也可能会限制访问或封禁您的账户。	Freeing memory regions may cause the process to crash.\r\n\r\nSome programs may also restrict access or ban your account when freeing the memory of the process.	force
释放增量	Frees delta	force
释放工作线程	Release worker	force
释放数（增量）	Frees (delta)	force
释放数（总计）	Frees (total)	force
释放时合并, 	Coalesce on free, 	force
释放检查, 	Free checking, 	force
释放缓冲区	De-allocate buffer	force
重传字节	Bytes retransmitted	force
重分析标记	Reparse tag	force
重分析点	Reparse point	force
重分析点将被永久删除。	The repase point will be permanently deleted.	force
重叠	Overlapped	force
重启	restart	force
重启\n重新启动应用程序。	Restart\nRestart the application.	force
重启 (关键)	Restart (Critical)	force
重启 (原生)	Restart (Native)	force
重启(&E)	Restart	force
重启以下服务	restart the following service	force
重启到启动应用	Restart to boot application	force
重启到启动选项	Restart to boot options	force
重启到启动选项(&O)	Restart to boot options	force
重启到固件应用	Restart to firmware application	force
重启到固件选项	Restart to firmware options	force
重启到高级选项	Restart to advanced options	force
重启服务可能会导致系统无法正常运行。	Restarting a service might prevent the system from functioning properly.	force
重启次数	Reset count	force
重启设备失败。	Failed to restart the device.	force
重启限制	Reset limit	force
重命名	Rename	force
重复 ACK	Duplicate ACKs	force
重定位	Relocations	force
重定位符号	RelocationSymbol	force
重定位表的文件地址	File address of relocation table	force
重定位项	Relocations	force
重定向元数据	Redirection metadata	force
重定向元数据数量	Redirection metadata count	force
重定向条目 %lu	Redirection entry %lu	force
重排字节	Bytes reordered	force
重新启动	Restart	force
重新启动(&E)	Restart	force
重新启动之前，向网络上的计算机发送此消息：	Before restarting, send this message to computers on the network:	force
重新启动服务	Restart the service	force
重新启动服务：	Restart service after:	force
重新启动计算机	Dialog	force
重新启动计算机选项...	Restart computer options...	force
重新启动该计算机	Restart the computer	force
重新平衡候选	Rebalance candidate	force
重新读取	Re-read	force
重用单播端口	Reuse unicast port	force
重用地址	Reuse address	force
重用地址, 	Reuse addresses, 	force
重置	Reset	force
重置(&S)	Reset	force
重置布局	Reset layout	force
重置持久布局	Reset persistent layout	force
重置排序	Reset sort	force
重置排序(&R)	Reset sort	force
重试	Retry	force
重试超时	Retry timeout	force
重试超时（精确）	Retry timeout (precise)	force
金丝雀版\n - 预览	Canary\n - Preview	force
铅酸	Lead acid	force
链接	Links	force
链接令牌	Linked Token	force
链接时检查次数	# Link Time Checks	force
链接目标	Link target	force
链路状态	Link state	force
链路速度	Link speed	force
销毁	Destroy	force
锁 - 	Locks - 	force
锁争用总数	Total # of Contentions	force
锁定	Lock	force
锁定(&L)	Lock	force
锁定以上 UX	Above-Lock UX	force
锁定工作集	Locked WS	force
锁定工具栏	Lock the toolbar	force
锁定操作	LockOperation	force
锁定计数	Lock count	force
锂离子	Lithium-ion	force
锂聚合物	Lithium polymer	force
锌空气	Zinc air	force
错误	Error	force
错误 (%lu)	ERROR (%lu)	force
错误 - PrintData() get_dataKind	ERROR - PrintData() get_dataKind	force
错误 - PrintTypeInDetail() 无效的 SymTag\n	ERROR - PrintTypeInDetail() invalid SymTag\n	force
错误 - 无效的位置类型：0x%X	Error - invalid location type: 0x%X	force
错误 - 无法获取符号的 SymTag\n	ERROR - can't retrieve the symbol's SymTag\n	force
错误: %lu	Error: %lu	force
错误: %s\n	Error: %s\n	force
错误: UIA COM 创建失败	Error: UIA COM creation failed	force
错误: 未找到自动化元素	Error: No automation element	force
错误。\n	Error.\n	force
错误信息句柄	Error information handle	force
错误信息日志条目数	Error information log entries	force
错误分辨率	Error resolution	force
错误回复: %lu	Bad replies: %lu	force
错误回复: 0	Bad replies: 0	force
错误控制	Error control	force
错误控制：	Error control:	force
错误检测方法	Error detection method	force
错误模式	Error mode	force
错误状态	Error status	force
键盘	Keyboard	force
键盘密码	Keyboard password	force
键盘输入	Keyboard input	force
镍氢	Nickel metal	force
镍镉	Nickel cadmium	force
镜像：	Image:	force
长	Long	force
长度	Length	force
长期授权未确认；仅限本次调用	standing grant not confirmed; this call only	force
长跳转表, 	Longjump table, 	force
闪存	Flash	force
问题	Question	force
问题代码	Problem code	force
问题描述	Problem description	force
问题状态	Problem status	force
闲置空间	Slack space	force
间接分支预测	Indirect branch prediction	force
间隔：N/A	Interval: N/A	force
间隔：低于正常	Interval: Below normal	force
间隔：已暂停	Interval: Paused	force
间隔：很慢	Interval: Very slow	force
间隔：快	Interval: Fast	force
间隔：慢	Interval: Slow	force
间隔：正常	Interval: Normal	force
阈值句柄	Threshold handle	force
队列	Queue	force
队列增量	Queue delta	force
队列长度/秒	Queue Length / sec	force
队列长度峰值	Queue Length Peak	force
防止同级硬件线程（超线程）干扰间接分支预测。	Protects against sibling hardware threads (hyperthreads) from interfering with indirect branch predictions.	force
防火墙	Firewall	force
防火墙允许	Firewall allows	force
防火墙允许增量	Firewall allows delta	force
防火墙状态	Firewall status	force
防火墙监视需要以管理员身份重新启动 System Informer。	Firewall monitoring requires System Informer to be restarted with administrative privileges.	force
防火墙端口	Firewall port	force
防火墙端口: 关闭	Firewall port: Close	force
防火墙端口: 打开	Firewall port: Open	force
防火墙端口: 未知	Firewall port: Unknown	force
防火墙端口事件	Firewall port event	force
防火墙阻止	Firewall blocks	force
防火墙阻止增量	Firewall blocks delta	force
阴影	Shadow	force
阵列句柄	Array handle	force
阵列映射地址句柄	Array mapped address handle	force
阵列错误地址	Array error address	force
阻止不支持 CET 或缺少 EH 连续性元数据的二进制文件。\r\n	Block binaries without CET support or without EH continuation metadata.\r\n	force
阻止不支持 CET 的二进制文件\r\n	Block binaries without CET support\r\n	force
阻止进程修改具有更高完整性级别的对象	Prevents the process from modifying objects with a higher integrity	force
阻止进程跟随非管理员用户创建的文件系统联接点并记录该尝试。\r\n	Prevents the process from following filesystem junctions created by non-admin users and logs the attempt.\r\n	force
阻止进程跟随非管理员用户创建的文件系统联接点并记录该尝试。\r\n记录进程跟随非管理员用户创建的文件系统联接点的尝试。\r\n	Prevents the process from following filesystem junctions created by non-admin users and logs the attempt.\r\nLogs attempts by the process to follow filesystem junctions created by non-admin users.\r\n	force
附加	Attach	force
附加 /fail=%1% 以将失败计数传递给程序。	Append /fail=%1% to pass the fail count to the program.	force
附加 PID	Attached PID	force
附加信息	Additional information	force
附加到进程	Attach to Process	force
附加启动键	Attached start key	force
附加进程	Attached process	force
降低后，令牌的完整性级别将无法再次提升。	Once lowered, the integrity level of the token cannot be raised again.	force
限制	Limit	force
限制 SID	Restricting SIDs	force
限制：	Limits:	force
陕西	Shaanxi	force
随机化端口	Randomize port	force
随机访问	Random	force
隐式 MTA	Implicit MTA	force
隐藏	Hidden	force
隐藏 ETW 句柄	Hide etw handles	force
隐藏 GUI	Hide gui	force
隐藏 cmd	Hide cmd	force
隐藏代码	Hide code	force
隐藏低映像一致性	Hide low image coherency	force
隐藏保护页	Hide guard pages	force
隐藏保留页	Hide reserved pages	force
隐藏内联帧	Hide inline frames	force
隐藏列	Hide column	force
隐藏动态	Hide dynamic	force
隐藏参数	Hide parameters	force
隐藏受保护的句柄	Hide protected handles	force
隐藏可写	Hide writable	force
隐藏可执行	Hide executable	force
隐藏可继承的句柄	Hide inherit handles	force
隐藏可读	Hide readable	force
隐藏已修改	Hide modified	force
隐藏已知 DLL 映像	Hide knowndlls images	force
隐藏已验证	Hide verified	force
隐藏挂起	Hide suspended	force
隐藏无名称的句柄	Hide unnamed handles	force
隐藏映射	Hide mapped	force
隐藏本机	Hide native	force
隐藏用户	Hide user	force
隐藏用户帧	Hide user frames	force
隐藏的列...	Inactive columns...	force
隐藏空闲页	Hide free pages	force
隐藏等待中的连接(&H)	Hide waiting connections	force
隐藏签名进程	Hide signed processes	force
隐藏系统	Hide system	force
隐藏系统帧	Hide system frames	force
隐藏系统进程	Hide system processes	force
隐藏进程	Hide process	force
隐藏静态	Hide static	force
隐藏驱动服务(&H)	Hide driver services	force
隐藏默认值	Hide default	force
隐藏默认命名空间	Hide default namespace	force
隐藏默认服务	Hide default services	force
隔离	Isolated	force
隔离区 ID	Compartment ID	force
隔离安全域已启用。\r\n	Isolated security domain is enabled.\r\n	force
集成制冷	Integrated refrigeration	force
需要 Oplock	Requiring oplock	force
需要同时提供 protocol、local_address、local_port、remote_address 和 remote_port。	protocol, local_address, local_port, remote_address and remote_port are all required.	force
需要安全检查	Require security check	force
需要安全移除	Safe removal required	force
需要提供 address、rva 或 name 之一。	Exactly one of address, rva or name is required.	force
需要提供 address。	address is required.	force
需要提供 affinity_mask，且必须指定至少一个处理器；掩码为零不是“无限制”，而是无法在任何处理器上运行的进程。	affinity_mask is required and must name at least one processor; a mask of zero is not \"no restriction\", it is a process that can run nowhere.	force
需要提供 enabled：true 启用设备，false 禁用设备。	enabled is required: true to enable the device, false to disable it.	force
需要提供 handle。	handle is required.	force
需要提供 handle；请从 list_windows 或 get_process_windows 获取。	handle is required; take it from list_windows or get_process_windows.	force
需要提供 handle；请传入从 get_process_handles 获取的句柄值。	handle is required; pass the handle value from get_process_handles.	force
需要提供 instance_id。	instance_id is required.	force
需要提供 instance_id；list_devices 会报告每个设备的实例 ID。	instance_id is required; list_devices reports the instance id of every device.	force
需要提供 instance_id；请从 list_devices 获取。	instance_id is required; take it from list_devices.	force
需要提供 name，且必须是服务名(而非显示名称)。	name is required and must be the service name (not the display name).	force
需要提供 page_priority，且必须为 0 到 5：0 最低、1 极低、2 低、3 中、4 低于正常、5 正常。	page_priority is required and must be 0 to 5: 0 lowest, 1 very low, 2 low, 3 medium, 4 below normal, 5 normal.	force
需要提供 path	path is required	force
需要提供 path、service_name、pid、tid 或 sddl 之一。	One of path, service_name, pid, tid or sddl is required.	force
需要提供 path。	path is required.	force
需要提供 path，且必须是绝对驱动器路径，例如 C:\\\\dumps\\\\process.dmp。	path is required and must be an absolute drive path such as C:\\\\dumps\\\\process.dmp.	force
需要提供 path：驱动程序对象（如 \\\\Driver\\\\disk）或设备对象（如 \\\\Device\\\\HarddiskVolume3）。	path is required: a driver object such as \\\\Driver\\\\disk, or a device object such as \\\\Device\\\\HarddiskVolume3.	force
需要提供 pattern_hex、ascii 或 utf16 之一。	Exactly one of pattern_hex, ascii and utf16 is required.	force
需要提供 pid 或 path。	Either pid or path is required.	force
需要提供 pid，且必须为整数。	pid is required and must be an integer.	force
需要提供 process_sequence_number；请从 list_processes 或 get_process 获取。	process_sequence_number is required; take it from list_processes or get_process.	force
需要提供 sha256 或 path。	sha256 or path is required.	force
需要提供 sha256 或可读取的 path。	sha256 or a readable path is required.	force
需要提供 sid、name 或 service_name 之一。	Exactly one of sid, name or service_name is required.	force
需要提供 size，且必须为 1 到 %lu。	size is required and must be 1 to %lu.	force
需要提供 start_type、delayed_auto_start 和 description 中的至少一项。	At least one of start_type, delayed_auto_start and description is required.	force
需要提供 tid，且必须为整数。	tid is required and must be an integer.	force
需要枚举	Needs enumerated	force
需要至少提供 name_contains、type_name 或 pid 之一；此操作会搜索系统上的每个句柄。	Give at least one of name_contains, type_name or pid; this searches every handle on the machine.	force
需要至少提供 name_contains、unsigned_only 或 pid 之一；此操作会遍历每个进程的模块。	Give at least one of name_contains, unsigned_only or pid; this walks the modules of every process.	force
需要重启	Needs reboot	force
需要重新启动才能完成卸载。	A reboot is required to complete the uninstall.	force
静态	Static	force
静态依赖	Static dependency	force
静态列	Static column	force
静态大小	Static Size	force
静态对象:\n	Static objects:\n	force
静态局部	Static Local	force
静态成员	Static Member	force
静态计数: %u\n	Static count: %u\n	force
静态转发器依赖	Static forwarder dependency	force
静默安装	Silent install	force
非关键	Non-critical	force
非分页	Non Paged	force
非分页 NX	Non Paged NX	force
非分页分配数（增量）	Non-paged allocations (delta)	force
非分页分配数（总计）	Non-paged allocations (total)	force
非分页大小	Nonpaged size	force
非分页字节数（增量）	Non-paged bytes (delta)	force
非分页字节数（总计）	Non-paged bytes (total)	force
非分页当前数（增量）	Non-paged current (delta)	force
非分页当前数（总计）	Non-paged current (total)	force
非分页池	Non-paged pool	force
非分页池字节	Nonpaged pool bytes	force
非分页池字节峰值	Peak nonpaged pool bytes	force
非分页释放数（增量）	Non-paged frees (delta)	force
非分页释放数（总计）	Non-paged frees (total)	force
非动态设备	No dynamic	force
非后台	Not background	force
非安全关机次数	Unsafe shutdowns	force
非对齐 CRT	unaligned CRT	force
非对齐 CRT 压力测试	unaligned CRT stress test	force
非常低	Very low	force
非常慢 (10s)	Very slow (10s)	force
非常驻属性数	Number of nonresident attributes	force
非托管	Unmanaged	force
非易失性	Non-volatile	force
非易失性, 	Non Volatile, 	force
非易失性大小	Non-volatile size	force
非活动	Inactive	force
非活动列...	Inactive columns...	force
非活动列：	Inactive columns:	force
非活动时隐藏 (Ctrl+K)	Hide when inactive (Ctrl+K)	force
非目录	Non-directory	force
非突发	Non-burst	force
非系统字体已禁用	Non-system fonts disabled	force
非设备存在	Presence not for device	force
非阻塞, 	Non-blocking, 	force
面向消息	Message-oriented	force
面板布局	Panel layout	force
音频	Audio	force
音频输入持续时间	Audio in duration	force
音频输出持续时间	Audio out duration	force
页优先级	Page priority	force
页优先级 %I64u (%s)	page priority %I64u (%s)	force
页保护	Page protection	force
页哈希 (Authenticode)	Page hashes (Authenticode)	force
页哈希 (WDAC)	Page hashes (WDAC)	force
页大小 64K, 	PageSize64K, 	force
页面优先级	Page priority	force
页面文件	Pagefiles	force
页面文件写入增量	Pagefile writes delta	force
页面文件：是	PagingFile: Yes	force
页面文件：系统	PagingFile: System	force
页面读取增量	Page reads delta	force
页面错误	Page faults	force
页面错误:	Page faults:	force
页面错误增量	Page faults delta	force
顶级	Top level	force
顶部	Top	force
项句柄	Item handle	force
项状态	Item Status	force
项类型	Item type	force
顺序	Sequential	force
颁发者	Issuer	force
预关闭超时：	Preshutdown timeout:	force
预加载, 	Preload, 	force
预测低影响时间：N/A\r\n	Forecast low-impact time: N/A\r\n	force
预测低影响时间：严重程度 %.4f，%s 至 %s\r\n	Forecast low-impact time: severity %.4f from %s to %s\r\n	force
预测时段：%s 至 %s\r\n	Forecast period: %s to %s\r\n	force
预览	Preview	force
预览版	Preview	force
额外	Extra	force
额外 RFE 表	Extra RFE table	force
额外 RFE 表大小	Extra RFE table size	force
额外 SID	Extra SIDs	force
风扇	Fan	force
风扇转速	Fan RPM	force
风扇转速:	Fan RPM:	force
风扇速转数	Fan RPM	force
饭盒式	Lunch box	force
首次 MTA 初始化	First MTA init	force
首次 NTA 初始化	First NTA init	force
首次分析：	First analyzed:	force
首次安装	First installed	force
驱动	Driver	force
驱动器可靠性已降级	Drive reliability is degraded	force
驱动器处于只读模式	Drive is in read only mode	force
驱动器背板	Drive back plane	force
驱动已加载	Driver loaded	force
驱动已阻止	Driver blocked	force
驱动日期	Driver Date	force
驱动版本	Driver Version	force
驱动程序	Driver	force
驱动程序 INF	Driver INF	force
驱动程序 INF 节	Driver INF section	force
驱动程序 INF 节（扩展）	Driver INF section extended	force
驱动程序 INF 路径	Driver INF path	force
驱动程序 LOGO 级别	Driver LOGO level	force
驱动程序信息	Driver information	force
驱动程序功能受限	Reduced driver functionality	force
驱动程序协同安装程序	Driver co-installers	force
驱动程序大小	Driver Size	force
驱动程序对象和设备对象需要通过 System Informer 驱动程序以最大访问级别读取，而当前实例不具备该条件（访问级别：%s）。	Driver and device objects are read through the System Informer driver at maximum access, which is not available to this instance (access level: %s).	force
驱动程序属性页提供程序	Driver property page provider	force
驱动程序工作集	Driver WS	force
驱动程序描述	Driver description	force
驱动程序提供程序	Driver provider	force
驱动程序日期	Driver Date	force
驱动程序映像	Driver Image	force
驱动程序服务名称	Driver Service Name	force
驱动程序标志	Driver Flags	force
驱动程序版本	Driver Version	force
驱动程序等级	Driver rank	force
驱动程序警告已禁用。	Driver warnings are disabled.	force
驱动程序起始地址	Driver Start Address	force
驱动程序：\n	Drivers:\n	force
验证文件签名	verify file signatures	force
验证状态	Verification status	force
验证线程标识	Validating the thread identity	force
验证进程标识	Validating the process identity	force
高	High	force
高 VTL	High VTL	force
高于标准	Above normal	force
高于正常	Above normal	force
高亮	Highlighting	force
高亮 GUI	Highlight gui	force
高亮 cmd	Highlight cmd	force
高亮(&T)	Highlight	force
高亮上层筛选	Highlight upper filtered	force
高亮下层筛选	Highlight lower filtered	force
高亮仅消息窗口	Highlight message-only windows	force
高亮代码	Highlight code	force
高亮动态	Highlight dynamic	force
高亮可写	Highlight writable	force
高亮可执行	Highlight executable	force
高亮可读	Highlight readable	force
高亮已修改	Highlight modified	force
高亮延迟执行	Highlight delay execution	force
高亮所属进程未知的网络项。	Highlight network items whose owning process is unknown.	force
高亮执行体	Highlight executive	force
高亮持续时间：	Highlighting duration:	force
高亮挂起	Highlight suspended	force
高亮按线程 ID 警报	Highlight alert by thread ID	force
高亮显示	Highlighting	force
高亮本机	Highlight native	force
高亮用户	Highlight user	force
高亮用户请求	Highlight user request	force
高亮由子系统进程拥有的网络项。	Highlight network items owned by subsystem processes.	force
高亮系统	Highlight system	force
高亮进程	Highlight process	force
高亮队列	Highlight queue	force
高亮默认 WMI 命名空间中的提供程序。	Highlight providers in the default WMI namespace.	force
高亮默认值	Highlight default	force
高亮默认命名空间	Highlight default namespace	force
高峰	Peak	force
高度	Height	force
高熵 VA, 	High entropy VA, 	force
高熵, 	high entropy, 	force
高熵随机化已启用。\r\n	High entropy randomization is enabled.\r\n	force
高电平有效	Active high	force
高精度事件计时器 (HPET)	High Precision Event Timer (HPET)	force
高级	Advanced	force
高级电源枚举器	Advanced power enumerator	force
魔术	Magic	force
魔术数字	Magic number	force
鸣谢：\n    <a href=\"https://github.com/wj32\">wj32</a> - Wen Jia Liu\n    <a href=\"https://github.com/dmex\">dmex</a> - Steven G\n    <a href=\"https://github.com/jxy-s\">jxy-s</a> - Johnny Shaw\n    <a href=\"https://github.com/ionescu007\">ionescu007</a> - Alex Ionescu\n    <a href=\"https://github.com/yardenshafir\">yardenshafir</a> - Yarden Shafir\n    <a href=\"https://github.com/winsiderss/systeminformer/graphs/contributors\">贡献者</a> - 感谢你们的每一份贡献！\n    捐助者 - 感谢你们的支持！\n    简体中文汉化 - Joe\n\nSystem Informer 使用了以下组件：\n    <a href=\"https://github.com/GameTechDev/PresentMon\">PresentMon</a> - Intel Corporation\n    <a href=\"https://github.com/michaelrsweet/mxml\">Mini-XML</a> - Michael Sweet\n    <a href=\"https://github.com/PCRE2Project/pcre2\">PCRE2</a> - Philip Hazel\n    <a href=\"https://github.com/json-c/json-c\">json-c</a> - Michael Clark\n    MD5 代码 - Jouni Malinen\n    SHA1 代码 - Filip Navara（基于 Steve Reid 的代码）\n	Thanks to:\n    <a href=\"https://github.com/wj32\">wj32</a> - Wen Jia Liu\n    <a href=\"https://github.com/dmex\">dmex</a> - Steven G\n    <a href=\"https://github.com/jxy-s\">jxy-s</a> - Johnny Shaw\n    <a href=\"https://github.com/ionescu007\">ionescu007</a> - Alex Ionescu\n    <a href=\"https://github.com/yardenshafir\">yardenshafir</a> - Yarden Shafir\n    <a href=\"https://github.com/winsiderss/systeminformer/graphs/contributors\">Contributors</a> - thank you for your additions!\n    Donors - thank you for your support!\n\nSystem Informer uses the following components:\n    <a href=\"https://github.com/GameTechDev/PresentMon\">PresentMon</a> by Intel Corporation\n    <a href=\"https://github.com/michaelrsweet/mxml\">Mini-XML</a> by Michael Sweet\n    <a href=\"https://github.com/PCRE2Project/pcre2\">PCRE2</a> by Philip Hazel\n    <a href=\"https://github.com/json-c/json-c\">json-c</a> by Michael Clark\n    MD5 code by Jouni Malinen\n    SHA1 code by Filip Navara, based on code by Steve Reid\n	force
默认	Default	force
默认令牌	Default Token	force
默认值	Default	force
默认分页收费	Default Paged Charge	force
默认启用	Enabled by default	force
默认启用的令牌组或权限。	Token groups or privileges that are enabled by default.	force
默认命名空间	Default namespace	force
默认折叠(&L)	Collapse by default	force
默认服务	Default service	force
默认禁用	Disabled by default	force
默认禁用, 	Default disabled, 	force
默认禁用的令牌组或权限。	Token groups or privileges that are disabled but enabled by default.	force
默认非分页收费	Default NP Charge	force
鼠标	Mouse	force
鼠标输入	Mouse input	force
📺 CDB\n用户模式应用的命令行调试器。	📺 CDB\nCommand-line debugger for user-mode applications.	force
📺 KD\n用于底层系统调试的内核调试器。	📺 KD\nKernel debugger for low-level system debugging.	force
📺 NTSD\n传统命令行调试器，类似 CDB。	📺 NTSD\nLegacy command-line debugger, similar to CDB.	force
🪟 WinDbg\n图形化调试器，支持用户模式和内核模式调试。	🪟 WinDbg\nGraphical debugger with user-mode and kernel-mode debugging support.	force
🪟 WinDbg (Preview)\n现代图形化调试器，支持用户模式和内核模式调试。	🪟 WinDbg (Preview)\nModern graphical debugger with user-mode and kernel-mode debugging support.	force
（	 (	force
（与 	(shares the same physical core with 	force
（二进制数据）	(binary data)	force
（关键字任意）0x%I64x	(keyword any) 0x%I64x	force
（关键字全部）0x%I64x	(keyword all) 0x%I64x	force
（内联函数）	 (Inline Function)	force
（十六进制）	(hex) 	force
（十六进制）%I64x - %I64x	(hex) %I64x - %I64x	force
（客户端）	 (client)	force
（已拒绝）	 (denied)	force
（已验证） 	(Verified) 	force
（无展开信息）	 (No unwind info)	force
（无进程）	(No processes)	force
（未命名）	(unnamed)	force
（未知类型）	(unknown type)	force
（未知）	(unknown)	force
（未知：%lu）	(unknown: %lu)	force
（未识别）	(not identified)	force
（未验证）	 (UNVERIFIED)	force
（未验证） 	(UNVERIFIED) 	force
（未验证）启动	 (unverified)	force
（未验证），由 	 (unverified) launched via 	force
（空字符串）	(empty string)	force
（等待批准）	 (awaiting approval)	force
（级别）%u	(level) %u	force
）已修改	) was modified	force
）已停止	) was stopped	force
）已创建	) was created	force
）已删除	) was deleted	force
）已启动	) was started	force
）由 	) started by 	force
）：	): 	force
）；退出状态 	); exit status 	force
，	, 	force
，位于 	 on 	force
，内核 	, Core 	force
，插槽 	, Socket 	force
，最深唤醒状态 	, Deepest wake 	force
，组 	, Group 	force
，节点 	, Node 	force
，行号 	 @ 	force
：	: 	force
：第 	: line 	force
；以 %s 身份运行，完整性级别为 %s	; running as %s at %s integrity	force
；独立物理核心	; independent physical core	force
；超线程核心	; hyperthreaded core	force
？	?	force
